user_id,outfit_id,view_time_seconds
9,1700,5
9,2735,4
9,2787,3
9,2143,3
9,2423,5
9,2146,5
9,2597,1
9,1949,5
9,2764,1
9,2554,3
9,2734,27
9,2717,5
9,2016,21
9,2786,5
9,2006,1
9,2261,5
9,2438,1
9,2779,5
9,1636,1
9,2217,1
9,2526,11
9,2229,24
9,1676,2
9,2741,1
9,2740,12
9,2768,5
9,2797,5
9,1966,3
9,2581,1
9,2425,1
9,1937,19
9,2280,1
9,1855,1
9,2024,4
9,1637,5
9,1976,3
9,2027,5
9,1706,1
9,2254,3
9,1644,2
9,2199,4
9,2789,8
9,1975,14
9,2772,3
9,1835,4
9,2755,1
9,1932,4
9,1908,4
9,2472,14
9,2660,3
9,2182,4
9,1869,2
9,2153,2
9,1877,3
9,2588,5
9,1675,1
9,1901,2
9,2397,1
9,1902,18
9,2017,5
9,2784,2
9,2716,3
9,2436,1
9,2859,2
9,2138,12
9,2457,27
10,1915,5
10,1877,4
10,1955,5
10,2470,1
10,2826,4
10,2816,1
10,1889,2
10,2012,25
10,2490,3
10,1643,3
10,1674,2
10,2579,3
10,2572,1
10,1933,21
10,2223,2
10,2819,2
10,1861,5
10,2858,2
10,2227,1
10,1981,3
10,1881,4
10,1950,3
10,2450,2
10,1859,1
10,2251,2
10,1720,3
10,1893,4
10,2811,5
10,1686,5
10,2265,3
10,1972,2
10,2821,26
10,2179,1
10,1724,4
10,2575,2
10,1923,2
10,2834,4
10,2471,3
10,2208,4
10,1664,28
10,2168,2
10,2563,3
10,1647,5
10,1690,1
10,2479,11
10,1940,5
10,1634,5
10,2228,1
10,2496,4
10,2541,5
10,1641,3
10,2271,1
10,2229,3
10,2536,2
10,2549,20
10,1865,4
10,1645,4
10,1726,1
10,1663,2
10,2507,3
10,1671,5
10,2207,2
10,2825,2
10,1878,2
10,2446,4
10,2570,2
10,2382,3
10,2064,2
10,1713,3
10,2300,2
10,2832,4
10,1763,5
10,1997,4
10,2502,5
10,2614,5
10,1983,3
10,2618,2
10,1795,4
10,1934,2
10,2145,2
10,2752,4
10,2672,1
10,2736,1
10,1826,2
10,1644,5
10,2523,2
10,2749,3
10,1747,4
10,2190,3
10,1715,28
10,2732,3
10,2074,5
10,2621,3
10,1803,4
11,1441,10
11,569,2
11,1036,1
11,1286,3
11,27,2
11,617,4
11,156,4
11,1494,5
11,951,2
11,1173,5
11,650,24
11,392,13
11,1067,1
11,1422,2
11,1149,4
11,921,5
11,948,3
11,700,2
11,1472,8
11,503,2
11,1242,1
11,1129,2
11,483,18
11,1586,2
11,639,5
11,291,1
11,524,1
11,244,2
11,77,3
11,1405,1
11,1380,2
11,193,5
11,520,2
11,605,4
11,15,4
11,390,1
11,954,3
11,622,2
11,312,23
11,1147,5
11,724,2
11,1212,1
11,95,2
11,1026,3
11,1324,1
11,1377,3
11,1261,1
11,317,2
11,435,1
11,100,5
11,96,13
11,438,5
11,775,2
11,1310,5
11,592,3
11,717,4
11,808,4
11,70,3
11,83,1
11,1445,4
11,1118,2
11,536,1
11,308,3
11,53,19
11,752,5
11,1510,4
11,1023,4
11,535,28
11,1088,4
11,789,3
11,1037,4
11,1548,2
11,1560,2
11,1113,2
11,120,1
11,1525,3
11,1331,5
11,537,3
11,262,2
11,36,8
11,1151,3
11,602,2
11,1597,4
11,1179,3
11,1352,1
11,858,2
12,2007,1
12,1676,3
12,2843,4
12,1867,3
12,2811,6
12,2227,5
12,2195,3
12,2006,7
12,2018,2
12,2603,5
12,1985,1
12,2458,1
12,1645,1
12,2588,3
12,1959,5
12,2807,17
12,2015,4
12,2270,4
12,1946,3
12,2518,3
12,1875,1
12,2276,1
12,2230,1
12,1726,5
12,1933,8
12,2156,4
12,2496,2
12,2819,5
12,2182,2
12,1681,1
12,1932,1
12,2601,2
12,1661,3
12,2275,2
12,2273,4
12,1894,2
12,2164,3
12,1664,4
12,2450,2
12,2862,1
12,1968,4
12,2577,5
12,1928,3
12,2555,2
12,1925,3
12,2067,18
12,2029,1
12,2847,7
12,2165,1
12,1951,5
12,1929,3
12,1798,1
12,2772,4
12,2756,4
12,2676,4
12,2674,4
12,1976,1
12,1757,2
12,2442,2
12,2743,5
12,2519,3
12,2215,3
12,2399,1
12,2482,5
13,1443,3
13,1324,1
13,353,5
13,1037,1
13,127,6
13,362,5
13,1309,4
13,1131,5
13,1249,2
13,618,5
13,450,5
13,1573,2
13,534,1
13,949,4
13,198,3
13,604,4
13,544,5
13,1558,5
13,1569,5
13,221,2
13,161,1
13,1622,4
13,712,4
13,79,2
13,1169,20
13,747,4
13,276,5
13,798,5
13,954,5
13,1192,5
13,1310,15
13,1270,3
13,1376,2
13,85,3
13,1093,3
13,1010,2
13,23,1
13,27,3
13,656,24
13,752,2
13,654,5
13,542,3
13,1107,4
13,1571,14
13,810,1
13,550,3
13,1559,5
13,1572,5
13,436,4
13,847,4
13,1213,3
13,641,2
13,1197,4
13,1135,3
13,971,2
13,765,1
13,894,5
13,881,5
13,1512,2
13,1110,3
13,792,14
13,729,2
13,1532,3
13,724,2
13,1234,1
13,1483,17
13,43,3
13,244,2
13,1428,2
13,285,4
13,669,3
13,1230,5
13,1394,15
13,571,4
13,912,5
13,944,1
13,1134,4
13,610,5
13,251,1
13,210,4
13,762,1
13,905,4
13,979,3
13,377,1
13,529,1
13,231,2
13,860,3
13,687,2
13,743,3
13,725,5
14,683,23
14,1148,1
14,1528,2
14,1199,2
14,1389,2
14,1568,19
14,1268,5
14,938,3
14,988,2
14,298,4
14,1209,3
14,61,5
14,1500,1
14,1427,1
14,1110,30
14,1443,3
14,1237,2
14,1101,4
14,421,2
14,747,5
14,55,3
14,263,4
14,1267,3
14,541,2
14,427,1
14,508,5
14,1217,2
14,1144,2
14,806,17
14,705,2
14,1370,2
14,1120,3
14,943,1
14,1357,1
14,622,3
14,1547,5
14,1161,2
14,1306,4
14,1481,5
14,1297,5
14,1263,4
14,1107,2
14,557,4
14,1106,2
14,902,3
14,680,1
14,1504,5
14,166,4
14,198,9
14,300,5
14,1425,1
14,1004,1
14,63,14
14,1340,2
15,304,4
15,342,4
15,1289,1
15,1260,1
15,422,5
15,237,4
15,23,4
15,949,3
15,497,3
15,1438,3
15,757,5
15,1447,2
15,183,3
15,1364,12
15,798,5
15,816,2
15,862,5
15,1229,4
15,651,2
15,1183,2
15,505,1
15,633,1
15,913,2
15,1316,3
15,665,3
15,1038,2
15,957,5
15,1431,1
15,1025,2
15,908,4
15,407,1
15,1476,5
15,1111,1
15,1236,5
15,197,3
15,446,2
15,399,2
15,800,1
15,556,29
15,1272,2
15,1010,1
15,808,3
15,506,1
15,338,1
15,1031,8
15,1367,1
15,258,2
15,94,1
15,1318,3
15,290,4
15,1550,3
15,1349,1
15,675,3
15,373,5
15,366,4
15,486,3
15,1213,21
15,121,2
15,1612,3
15,1174,2
15,1219,1
15,376,3
15,1022,5
15,1151,3
15,120,1
15,558,2
15,1011,1
15,1188,5
15,1249,4
15,1585,3
15,1269,5
15,927,3
15,719,5
15,1013,1
16,1485,4
16,308,5
16,1307,4
16,24,1
16,211,1
16,58,2
16,952,5
16,1505,12
16,124,3
16,1615,28
16,1041,1
16,1489,5
16,1623,1
16,917,4
16,819,2
16,1611,3
16,853,3
16,794,5
16,1584,29
16,120,5
16,573,3
16,667,1
16,1598,5
16,129,5
16,1401,4
16,158,3
16,1610,5
16,997,6
16,581,29
16,1618,4
16,731,2
16,1104,2
16,1600,1
16,1593,1
16,568,3
16,49,5
16,1628,4
16,1575,2
16,94,4
16,970,12
16,883,3
16,373,5
16,636,1
16,488,1
16,724,5
16,867,4
16,47,2
16,689,24
16,98,3
16,179,2
16,1394,18
16,1440,4
16,330,5
16,1480,5
16,721,27
16,442,1
16,550,2
16,164,5
16,1299,1
16,517,4
16,911,5
16,1478,3
16,489,3
16,247,4
16,864,5
16,892,3
16,1370,1
16,1582,3
16,750,4
16,1402,2
16,368,1
16,738,1
16,140,19
16,1408,1
16,280,26
17,2196,5
17,1990,4
17,2274,7
17,1987,4
17,1975,23
17,2506,4
17,2094,19
17,1707,11
17,2376,2
17,1983,3
17,2197,3
17,2312,1
17,2115,10
17,2250,1
17,1768,1
17,1690,4
17,1794,4
17,2219,4
17,2292,2
17,2515,4
17,1934,5
17,1940,5
17,2014,5
17,2323,4
17,2536,3
17,2333,5
17,2588,2
17,2329,3
17,2517,1
17,1761,5
17,2353,5
17,2692,1
17,2063,2
17,1698,4
17,2584,4
17,2047,3
17,2042,5
17,1773,5
17,1711,2
17,2079,5
17,2313,4
17,2614,1
17,2543,4
17,2661,5
17,2668,5
17,1700,4
17,1705,2
17,2708,1
17,1827,4
17,2772,4
17,2429,3
17,2423,2
17,2414,4
17,2382,1
17,2594,5
17,2696,2
17,2169,1
17,2636,21
17,2553,1
17,1774,2
17,2211,3
17,2618,1
17,2355,1
17,2125,3
17,2163,13
17,1640,3
18,1678,23
18,2501,11
18,2002,3
18,1631,2
18,2589,3
18,1698,5
18,2815,4
18,2850,1
18,2222,3
18,2268,1
18,1706,1
18,1699,4
18,2212,1
18,2551,2
18,1933,5
18,2837,5
18,2201,3
18,2584,3
18,2538,4
18,2601,3
18,2564,2
18,1945,14
18,2810,3
18,2847,12
18,2860,3
18,2265,4
18,2269,3
18,2572,5
18,2539,2
18,1668,1
18,2277,3
18,2848,3
18,2821,2
18,2484,4
18,2191,4
18,1718,4
18,2015,4
18,2006,4
18,2259,2
18,2602,1
18,2021,2
18,2512,2
18,2149,3
18,2281,4
18,2444,5
18,2590,2
18,2448,2
18,2586,3
18,1882,1
18,2234,1
18,1908,3
18,2521,2
18,2480,1
18,2182,3
18,2842,5
18,2843,3
18,2536,3
18,1953,3
18,1980,4
18,1674,5
18,1714,4
18,2213,2
18,2007,5
18,2174,1
18,2858,4
18,1715,8
18,1642,2
18,2555,28
18,2119,3
18,1751,11
18,2098,4
18,2640,6
18,2209,1
18,2033,2
18,2354,6
18,2303,28
18,2393,2
18,2714,2
18,2413,1
18,2192,2
18,2695,26
18,1937,12
18,1777,2
18,1898,1
18,2160,2
18,2696,2
18,2100,2
18,2361,3
18,2382,4
18,2297,3
18,2239,4
18,2691,5
18,1992,1
18,2771,4
18,2773,1
18,1972,3
18,2116,1
18,2040,1
19,1111,3
19,778,4
19,126,3
19,696,3
19,418,3
19,1428,2
19,274,2
19,289,3
19,984,5
19,994,3
19,292,2
19,1078,16
19,18,5
19,1472,5
19,904,1
19,614,5
19,1473,4
19,512,2
19,806,1
19,201,2
19,496,5
19,383,2
19,373,1
19,49,27
19,1381,3
19,1024,2
19,361,2
19,1012,10
19,1255,3
19,161,4
19,621,3
19,129,3
19,1542,3
19,810,3
19,1389,4
19,116,3
19,1135,4
19,589,5
19,173,5
19,147,5
19,152,4
19,598,11
19,586,1
19,1529,1
19,665,2
19,1284,3
19,1011,5
19,567,5
19,139,1
19,946,30
19,1020,16
19,533,2
19,1022,2
19,649,4
19,608,24
19,702,4
19,1448,5
19,1447,15
19,1093,5
19,960,3
19,582,2
19,725,3
19,730,1
19,1295,11
19,879,4
19,551,5
19,995,4
19,752,2
19,236,2
19,1466,2
19,579,23
19,45,27
19,1137,2
19,66,1
19,181,3
19,340,5
19,1552,3
19,651,1
19,1375,3
19,1212,3
19,947,1
19,777,5
19,1515,2
19,1149,3
19,1009,2
20,18,2
20,282,5
20,317,2
20,1553,10
20,714,3
20,164,5
20,1006,3
20,1046,8
20,1490,2
20,1234,4
20,1536,4
20,1184,2
20,387,1
20,447,4
20,553,3
20,445,30
20,195,19
20,90,7
20,786,1
20,34,5
20,535,3
20,349,4
20,979,3
20,1469,3
20,324,5
20,351,2
20,1290,5
20,1315,2
20,1430,1
20,1255,4
20,1512,3
20,847,2
20,203,1
20,1415,13
20,4,2
20,1002,4
20,390,1
20,768,5
20,408,3
20,320,3
20,486,5
20,1435,4
20,996,2
20,567,4
20,435,1
20,441,3
20,1258,12
20,1170,10
20,1007,5
20,1359,5
20,1222,1
20,1324,6
20,42,1
20,1349,5
20,456,2
20,675,1
20,116,2
20,1472,19
20,373,5
20,652,3
20,411,1
20,409,1
20,227,2
20,977,4
20,66,1
20,1129,5
20,1055,3
20,438,4
20,1441,4
20,911,5
20,75,1
20,1542,1
20,579,5
20,1419,5
20,375,2
20,289,1
20,631,1
20,1431,4
20,1120,15
21,2344,5
21,1633,2
21,1793,3
21,2265,2
21,2296,1
21,1663,3
21,2027,1
21,2593,5
21,1795,2
21,2256,2
21,2042,3
21,1829,3
21,2045,17
21,1752,12
21,1731,6
21,2637,5
21,1698,3
21,2206,1
21,2670,5
21,1704,1
21,1989,4
21,2084,5
21,2570,1
21,1998,5
21,2194,2
21,2316,2
21,2202,3
21,2275,1
21,2604,2
21,2094,1
21,1746,5
21,1807,3
21,2195,3
21,2297,2
21,1735,3
21,2013,3
21,1945,4
21,2119,1
21,1674,1
21,1657,5
21,2550,3
21,2370,2
21,2063,4
21,2348,3
21,2700,3
21,2614,5
21,2282,4
21,2336,5
21,2556,3
21,2547,5
21,2043,5
21,1777,5
21,2606,5
21,2546,3
21,2113,4
21,1816,4
21,1809,4
21,1632,4
21,1783,4
21,2477,4
21,2281,2
21,2403,2
21,1648,5
21,2495,1
21,2513,2
21,2752,3
21,2641,3
21,2596,23
21,2259,1
21,2010,2
21,2686,3
21,2044,3
21,2708,8
21,2303,2
21,1815,2
21,2598,5
21,1728,5
21,2824,2
21,1928,3
21,2145,3
21,1941,5
21,2719,3
21,2434,5
21,1804,2
22,2104,4
22,1670,4
22,1717,1
22,2235,2
22,1797,1
22,2596,1
22,2629,4
22,2253,4
22,1829,4
22,2601,1
22,2663,1
22,2011,4
22,2188,3
22,2115,1
22,2119,2
22,2613,4
22,2682,24
22,2265,1
22,2114,4
22,2648,4
22,2077,4
22,1756,4
22,1984,21
22,2320,10
22,1720,3
22,2576,2
22,2520,2
22,2092,5
22,2276,3
22,2322,10
22,2539,5
22,1963,3
22,1785,16
22,1943,2
22,1749,3
22,1941,5
22,2619,3
22,1743,5
22,2632,4
22,2521,1
22,2045,4
22,1767,12
22,2005,21
22,1990,1
22,2307,4
22,2088,5
22,1978,1
22,1634,4
22,2357,4
22,2186,1
22,2292,1
22,1929,4
22,2595,5
22,1932,1
22,1660,4
22,1735,1
22,2277,1
22,2376,4
22,2536,4
22,2248,3
22,2150,1
22,2645,5
22,1631,1
22,2318,5
22,2347,4
22,2588,1
22,2240,16
22,1814,4
22,2787,4
22,1830,4
22,2797,2
22,1842,2
22,1662,3
22,2752,1
22,1768,5
22,2219,1
22,2169,3
22,2162,4
22,1796,3
22,2737,1
22,2341,15
22,1778,6
22,2311,20
22,2592,11
22,2031,11
22,2133,1
22,2810,5
23,1877,5
23,2060,1
23,2637,1
23,2125,13
23,2076,2
23,2300,3
23,1800,20
23,2670,4
23,1751,3
23,1873,1
23,2496,5
23,1757,21
23,1777,5
23,2307,5
23,2381,1
23,2154,1
23,2459,1
23,2606,20
23,2497,2
23,2029,3
23,1823,2
23,2304,1
23,2361,4
23,2151,1
23,1890,12
23,2147,11
23,2335,2
23,1860,3
23,2635,1
23,1895,3
23,1919,2
23,2169,3
23,1744,1
23,1888,2
23,2700,3
23,1912,2
23,2701,3
23,2105,4
23,1758,4
23,1764,3
23,2159,3
23,1799,1
23,2111,3
23,2629,5
23,2073,1
23,2152,4
23,2837,2
23,2080,4
23,2037,5
23,2695,1
23,2128,19
23,2312,20
23,2594,5
23,2405,3
23,2223,3
23,2548,4
23,2860,2
23,2858,5
23,1736,1
23,2749,3
23,2066,5
23,2833,5
23,1671,4
23,2678,18
23,1935,3
23,2252,4
23,1833,4
23,2659,1
23,1894,5
23,2815,4
23,2129,5
23,1899,4
23,2016,27
24,2518,3
24,2258,5
24,1718,2
24,1684,2
24,1764,4
24,1830,3
24,1751,2
24,2375,3
24,2199,5
24,2245,13
24,2543,1
24,2658,1
24,2194,3
24,2356,3
24,2290,5
24,2619,1
24,2379,3
24,2654,5
24,2246,5
24,2050,1
24,1688,5
24,1685,4
24,1769,2
24,2081,5
24,1696,20
24,2267,24
24,2319,3
24,2565,27
24,2666,30
24,1755,4
24,2273,20
24,1953,5
24,2013,3
24,2517,1
24,2636,4
24,2226,5
24,2087,1
24,1637,3
24,2357,1
24,2583,1
24,2107,3
24,1845,2
24,1849,5
24,2044,1
24,2292,5
24,2824,19
24,2504,1
24,2069,5
24,2503,3
24,2093,2
24,2095,4
24,2552,4
24,2486,1
24,1892,4
24,1929,4
24,1976,1
24,2006,1
24,1689,5
24,1712,1
25,1056,2
25,609,1
25,1536,5
25,1419,4
25,868,4
25,1313,2
25,33,3
25,951,3
25,312,3
25,693,3
25,535,3
25,1226,1
25,962,4
25,958,1
25,418,4
25,899,2
25,738,26
25,605,3
25,1358,29
25,621,5
25,17,5
25,504,3
25,1487,5
25,469,5
25,166,1
25,771,1
25,1532,3
25,279,1
25,234,4
25,1538,3
25,290,1
25,996,4
25,6,1
25,1491,5
25,1155,2
25,1365,1
25,252,4
25,1234,3
25,1530,5
25,479,1
25,487,5
25,296,2
25,910,1
25,287,2
25,956,2
25,777,4
25,619,4
25,913,3
25,1101,3
25,1204,2
25,1128,4
25,159,2
25,136,3
25,803,3
25,2,2
25,1077,21
25,295,4
25,219,5
25,242,2
25,1133,5
25,930,5
25,473,4
25,474,30
25,548,2
25,85,20
25,785,2
25,681,3
26,1481,2
26,617,5
26,186,2
26,1469,5
26,1014,3
26,1316,3
26,387,4
26,971,4
26,264,5
26,281,1
26,1224,3
26,786,2
26,170,5
26,1227,5
26,325,4
26,1545,3
26,907,4
26,591,5
26,1500,3
26,1373,3
26,605,5
26,9,1
26,684,1
26,1438,1
26,287,5
26,1047,1
26,438,5
26,71,5
26,1511,3
26,329,4
26,1535,1
26,265,5
26,1280,5
26,44,5
26,199,1
26,891,27
26,1044,2
26,1004,1
26,171,4
26,1431,4
26,1211,1
26,1214,5
26,1100,4
26,1103,1
26,584,4
26,879,5
26,1502,2
26,1567,3
26,1355,3
26,772,4
26,290,5
26,1336,3
26,675,4
26,81,3
26,1390,4
26,991,5
26,989,4
26,17,2
26,1368,2
26,858,2
26,195,1
26,654,3
26,536,5
26,1317,5
26,187,4
26,688,4
26,1021,5
26,341,2
26,1550,5
26,49,5
26,1402,2
26,1269,5
26,117,26
26,1053,5
26,342,4
26,979,2
26,405,4
26,120,8
26,1360,2
26,784,2
26,285,26
26,393,5
26,167,3
26,661,5
26,978,1
27,579,2
27,861,1
27,770,2
27,488,5
27,369,2
27,1080,2
27,1365,3
27,1576,1
27,1067,16
27,1586,3
27,1349,5
27,1468,5
27,566,2
27,776,5
27,1599,4
27,1608,5
27,1015,1
27,1066,5
27,884,5
27,1596,4
27,572,2
27,874,5
27,241,2
27,1616,5
27,8,5
27,1497,5
27,45,5
27,786,10
27,1620,4
27,1090,5
27,433,3
27,1079,2
27,1036,5
27,146,1
27,215,4
27,6,1
27,1611,4
27,1319,3
27,1573,1
27,906,2
27,1592,14
27,910,3
27,214,2
27,227,1
27,582,1
27,38,1
27,1623,2
27,1590,5
27,447,1
27,612,1
27,1615,5
27,853,1
27,1464,2
27,86,8
27,903,5
27,1054,3
27,1601,3
27,85,1
27,387,4
27,46,5
27,1459,3
27,1320,3
27,1610,5
27,1084,3
27,695,8
27,1061,2
27,1463,10
27,1412,4
27,657,4
27,283,3
27,512,1
27,1076,2
27,70,1
27,133,14
27,239,2
27,885,1
27,315,1
27,1337,2
27,202,9
27,506,3
27,1059,1
27,1312,21
27,760,5
27,1621,5
27,1074,5
27,3,2
27,1323,1
27,144,30
27,1454,1
27,1186,4
27,808,2
27,1402,4
27,130,1
27,223,2
27,1447,3
27,781,2
28,490,2
28,930,4
28,1520,1
28,1317,5
28,186,2
28,645,2
28,429,17
28,654,5
28,213,1
28,1055,3
28,938,4
28,1194,2
28,307,4
28,1553,1
28,973,5
28,1552,3
28,1318,1
28,849,1
28,504,4
28,1509,3
28,1013,3
28,1460,1
28,600,4
28,1386,2
28,1103,23
28,31,7
28,233,3
28,95,3
28,1380,3
28,1115,1
28,1518,19
28,1218,4
28,202,3
28,132,5
28,40,19
28,308,3
28,1002,4
28,841,8
28,669,5
28,1174,3
28,890,1
28,171,5
28,950,1
28,1412,1
28,1372,5
28,305,1
28,1525,1
28,143,4
28,1409,3
28,1285,5
28,877,2
28,361,4
28,1213,4
28,765,4
28,163,1
28,1072,5
28,1223,4
28,1402,4
28,362,3
28,101,3
28,718,5
28,606,5
28,1010,5
28,1419,4
28,280,1
28,1144,10
28,929,5
28,923,3
28,1549,1
28,1503,1
28,1300,1
28,1090,5
28,385,3
28,1146,4
28,1092,5
28,427,2
28,589,3
28,1613,4
28,829,4
28,53,2
28,37,2
28,317,5
29,733,1
29,1309,1
29,1286,5
29,489,5
29,454,2
29,629,1
29,87,3
29,417,28
29,730,5
29,891,1
29,386,4
29,1155,8
29,1290,5
29,1414,4
29,1592,1
29,1596,5
29,380,5
29,548,1
29,964,5
29,215,2
29,1189,4
29,947,2
29,208,3
29,1614,1
29,1487,19
29,1442,1
29,823,4
29,180,2
29,1424,2
29,231,1
29,474,5
29,1072,3
29,19,1
29,724,3
29,104,4
29,1426,2
29,1361,9
29,668,2
29,110,5
29,1295,29
29,1191,5
29,814,1
29,259,5
29,242,3
29,189,3
29,866,2
29,1306,2
29,995,3
29,1008,3
29,422,3
29,1161,2
29,1579,1
29,726,2
29,102,5
29,735,16
29,1231,2
29,1544,8
29,150,2
29,70,4
29,1010,2
29,71,5
29,288,4
29,480,4
29,471,3
29,850,2
29,1033,11
29,500,3
29,788,3
29,1523,12
29,908,13
29,720,4
29,341,28
29,1055,4
29,1027,4
29,1036,4
29,1605,22
29,1496,4
29,1364,4
29,472,1
29,497,2
29,1621,5
29,1512,1
29,684,2
29,1011,8
29,922,5
29,863,1
29,467,2
29,890,1
29,319,1
29,1553,3
29,1483,1
29,518,4
29,138,16
30,910,4
30,1368,6
30,770,1
30,1411,5
30,1429,4
30,1245,3
30,1208,5
30,781,5
30,1459,1
30,952,4
30,1104,4
30,1170,5
30,20,5
30,694,5
30,258,2
30,1369,1
30,495,1
30,1142,6
30,822,2
30,1128,4
30,1056,1
30,691,2
30,557,3
30,251,2
30,1087,3
30,522,3
30,463,26
30,1440,5
30,695,2
30,1338,5
30,490,2
30,38,3
30,1391,1
30,64,1
30,1509,4
30,1335,27
30,1362,18
30,1233,3
30,877,5
30,218,4
30,157,3
30,1202,4
30,136,3
30,864,1
30,912,2
30,1206,4
30,1557,5
30,1336,4
30,1277,2
30,876,1
30,415,17
30,1344,3
30,1081,4
30,1143,2
30,1133,4
30,795,4
30,339,5
30,283,5
30,117,3
30,204,17
30,1298,4
30,830,4
30,1573,29
30,447,3
30,119,4
30,497,1
30,373,2
30,1146,1
30,712,1
30,1356,4
30,1065,3
30,285,4
30,1345,2
30,505,5
30,1213,5
30,156,5
30,1014,2
30,930,5
30,145,2
30,143,5
30,982,3
30,595,4
30,376,4
30,369,18
30,769,29
31,2640,2
31,2359,2
31,2589,5
31,1721,2
31,1933,2
31,2650,2
31,2252,1
31,2599,9
31,1785,5
31,2586,3
31,1722,1
31,1974,1
31,1715,4
31,1797,3
31,2338,1
31,2204,4
31,1728,4
31,1999,2
31,2237,5
31,2370,1
31,2234,5
31,2108,2
31,2053,2
31,2065,4
31,1821,1
31,2215,10
31,2583,2
31,2648,1
31,1684,1
31,2013,3
31,1777,2
31,1725,3
31,2282,2
31,2014,5
31,2004,4
31,2056,2
31,1695,3
31,1901,4
31,1996,3
31,2442,3
31,2188,18
31,2344,1
31,2291,4
31,2643,2
31,2321,19
31,2248,1
31,2557,4
31,2130,4
31,2651,3
31,2611,28
31,2016,14
31,2325,2
31,2126,5
31,2771,1
32,2569,1
32,1684,2
32,2143,4
32,2276,28
32,2712,2
32,1980,5
32,2767,2
32,2737,4
32,1654,4
32,2228,2
32,2520,1
32,2588,1
32,2775,1
32,1976,9
32,2248,2
32,1938,3
32,2216,1
32,1851,3
32,2532,2
32,2555,5
32,2800,2
32,2280,27
32,2437,2
32,2408,1
32,1836,2
32,2241,3
32,2253,3
32,2199,4
32,2580,1
32,2279,3
32,1693,1
32,2774,2
32,1666,2
32,2513,5
32,2788,4
32,1713,3
32,2434,2
32,1727,22
32,2233,1
32,2377,25
32,2664,4
32,2719,4
32,2046,2
32,1811,4
32,2692,2
32,2810,4
32,2589,5
32,1644,2
32,2128,2
32,1883,12
32,1996,2
32,1719,5
32,2495,1
32,1952,4
32,2656,16
32,2754,1
32,1745,22
33,158,5
33,1197,5
33,863,4
33,33,3
33,687,3
33,658,1
33,827,2
33,1533,3
33,709,4
33,739,1
33,70,4
33,866,2
33,1158,3
33,499,3
33,1281,1
33,98,4
33,722,5
33,1227,1
33,29,1
33,1042,3
33,985,3
33,376,24
33,1201,2
33,1522,4
33,1300,3
33,1306,1
33,60,3
33,561,3
33,281,2
33,1465,2
33,322,5
33,1450,3
33,1091,4
33,257,5
33,1441,25
33,1275,24
33,1546,5
33,352,2
33,1524,1
33,1310,1
33,964,2
33,991,3
33,1256,5
33,746,3
33,330,4
33,391,4
33,501,4
33,9,4
33,665,1
33,413,5
33,682,1
33,512,23
33,1424,5
33,470,3
33,1051,1
33,315,26
33,569,1
33,1277,2
33,662,3
33,193,5
33,871,5
33,1199,2
33,319,1
33,1169,19
33,823,3
33,672,4
33,1602,2
33,901,4
33,440,2
33,311,4
33,1129,6
33,951,5
33,1225,5
33,1444,2
33,516,4
33,760,4
33,1131,4
33,968,9
33,1255,1
33,1418,3
33,10,3
33,794,2
33,114,1
33,1233,10
33,934,5
33,37,2
33,1543,5
33,21,5
33,1054,4
33,127,2
33,711,2
33,431,5
33,523,4
34,261,5
34,128,22
34,1000,12
34,1441,7
34,298,21
34,545,2
34,1218,3
34,1363,10
34,926,3
34,126,3
34,145,20
34,276,5
34,1346,24
34,919,5
34,1529,5
34,551,2
34,1220,5
34,849,5
34,1544,2
34,901,3
34,303,13
34,1228,5
34,324,2
34,314,3
34,1509,2
34,645,3
34,653,5
34,1208,2
34,1200,5
34,512,4
34,869,1
34,544,4
34,419,1
34,1051,1
34,157,5
34,362,3
34,462,1
34,257,4
34,1539,4
34,184,2
34,911,23
34,238,29
34,548,5
34,1255,5
34,249,3
34,380,3
34,1240,2
34,1076,25
34,679,5
34,393,12
34,1607,1
34,1198,2
34,110,2
34,844,5
34,1314,4
34,28,4
34,711,2
34,1144,5
34,963,3
34,1476,3
34,1010,1
34,1342,1
34,1543,1
34,118,2
34,1475,12
34,1247,1
34,1097,4
34,1276,5
34,669,4
34,106,5
35,2797,3
35,2760,1
35,1683,5
35,2410,3
35,2007,5
35,2803,5
35,2546,3
35,1950,3
35,2414,19
35,2776,3
35,2190,1
35,1694,1
35,1643,5
35,2559,1
35,1717,2
35,2593,4
35,2784,2
35,2580,1
35,1668,3
35,1661,3
35,2205,3
35,2420,1
35,1710,5
35,2277,1
35,2750,2
35,2769,2
35,2774,21
35,1721,5
35,1637,3
35,2592,3
35,2726,2
35,2520,2
35,2396,2
35,2436,5
35,2716,23
35,1982,2
35,2416,1
35,1985,19
35,1657,1
35,2143,25
35,1937,1
35,2417,6
35,2189,5
35,2771,3
35,2761,4
35,2278,4
35,2786,1
35,2011,3
35,2577,3
35,2516,2
35,1720,3
35,2187,7
35,2279,1
35,1838,3
35,2177,4
35,1993,5
35,2632,4
35,2072,4
35,2707,2
35,2311,3
35,2025,4
35,2690,5
35,2050,4
35,2431,5
35,2773,5
35,2123,1
35,1997,5
35,1819,3
35,2635,8
35,2740,3
35,2510,18
35,2832,3
35,2284,1
35,1735,1
35,2032,7
35,2355,3
36,2820,4
36,1979,4
36,2808,30
36,1995,3
36,2252,1
36,2857,4
36,1728,3
36,2534,1
36,2150,4
36,2529,1
36,2211,3
36,2148,4
36,2483,1
36,2539,4
36,2175,1
36,2005,4
36,1896,1
36,2021,4
36,2444,1
36,2579,2
36,1871,5
36,2257,3
36,1963,5
36,1930,3
36,1669,3
36,1661,4
36,2855,4
36,2557,1
36,2562,2
36,2590,4
36,2847,2
36,1672,1
36,1976,3
36,2216,2
36,2819,3
36,2835,3
36,1641,3
36,1983,1
36,1659,2
36,2011,3
36,2233,1
36,2154,4
36,2001,2
36,1636,1
36,2544,3
36,2822,5
36,1941,1
36,1718,4
36,1697,7
36,2572,3
36,2450,5
36,2526,1
36,2581,4
36,2004,5
36,2153,15
36,2498,1
36,1970,2
36,2172,1
36,2486,3
36,1971,3
36,2864,5
36,2280,2
36,2298,4
36,2419,1
36,2100,4
36,2493,4
36,1921,2
36,2253,5
36,2311,3
36,2628,3
36,1985,5
36,2234,25
36,1635,5
36,1944,2
36,2200,3
36,2527,1
36,2787,3
36,1890,21
36,2802,4
36,2422,4
36,2054,5
36,2009,13
36,2687,4
36,2843,1
36,2471,2
36,2012,1
36,2710,2
36,1637,1
36,1633,2
36,2371,1
37,2822,4
37,2441,29
37,1755,1
37,2112,1
37,2167,3
37,1887,5
37,1873,2
37,2148,2
37,2486,3
37,2669,18
37,2612,2
37,2658,5
37,2693,5
37,2343,3
37,2643,26
37,2860,4
37,2345,5
37,2346,2
37,2659,2
37,1761,2
37,2452,5
37,2116,4
37,1859,8
37,2358,3
37,2810,9
37,2705,12
37,2692,4
37,2160,1
37,2489,4
37,2865,3
37,2607,4
37,2690,2
37,2166,4
37,2086,2
37,1807,3
37,2857,1
37,2340,4
37,2469,5
37,2625,3
37,2326,5
37,1732,2
37,2833,3
37,2652,3
37,1791,5
37,2139,5
37,2149,2
37,1668,1
37,1689,5
37,2243,5
37,2302,8
37,1824,26
37,1936,17
37,2806,2
37,2025,3
37,2595,5
37,1652,3
37,2187,1
37,2371,3
37,1757,1
37,1841,5
37,1698,4
37,2603,14
37,2101,5
38,1838,2
38,2782,3
38,2529,2
38,2254,3
38,1996,2
38,2508,4
38,2523,2
38,2719,4
38,1986,5
38,1856,3
38,2579,1
38,1970,3
38,2504,3
38,2752,5
38,2587,3
38,1963,2
38,2426,10
38,2232,1
38,2432,3
38,2231,2
38,2015,3
38,2230,2
38,2799,21
38,2014,5
38,2792,5
38,2419,2
38,2019,3
38,1974,4
38,2190,3
38,2735,4
38,1966,4
38,2760,5
38,2750,4
38,1688,2
38,2271,5
38,2393,1
38,1671,1
38,2228,14
38,2137,3
38,2765,3
38,2257,5
38,2511,3
38,2554,5
38,2421,4
38,2427,4
38,1985,2
38,1640,3
38,1673,5
38,2259,1
38,2718,4
38,2639,2
38,2798,4
38,1835,2
38,2054,4
38,1916,9
38,2570,2
38,1925,2
38,1952,2
38,2339,2
38,2412,3
38,1958,3
38,2577,4
38,2682,1
38,2489,3
38,2222,4
38,2136,1
38,1764,1
38,2179,5
38,2761,5
38,2132,4
38,2824,3
38,2723,13
39,2000,1
39,2731,5
39,2438,4
39,1856,1
39,2797,3
39,2799,3
39,2188,2
39,2554,15
39,2760,5
39,2737,3
39,1647,20
39,2746,1
39,1717,2
39,1845,4
39,1980,5
39,2278,2
39,1986,21
39,1705,20
39,2541,4
39,2714,4
39,2238,4
39,1702,3
39,1834,3
39,1723,13
39,2769,1
39,1847,4
39,2201,5
39,1956,5
39,2601,5
39,2269,3
39,2763,4
39,2505,4
39,2192,1
39,1945,3
39,2223,2
39,1840,5
39,2722,2
39,1981,3
39,1669,5
39,2134,25
39,2432,2
39,2279,4
39,2755,3
39,2583,4
39,2605,5
39,1992,1
39,2712,5
39,1969,5
39,1667,2
39,2008,2
39,1931,1
39,2409,4
39,2424,2
39,2587,4
39,2780,5
39,2709,17
39,2604,5
39,2802,3
39,1991,3
39,2833,3
39,1631,3
39,2493,5
39,1941,2
39,1875,4
39,2826,4
39,1781,2
39,1664,5
39,1722,4
39,2228,7
39,2618,5
39,1814,4
39,2189,4
39,1946,1
39,2825,3
39,2756,4
39,1736,1
39,2710,4
39,2608,4
39,2330,5
39,1907,5
39,2630,5
39,2557,4
39,2848,2
39,2122,5
39,1682,5
40,1283,4
40,1447,1
40,1103,5
40,1624,5
40,295,1
40,1126,2
40,84,1
40,1097,4
40,565,1
40,492,5
40,370,3
40,1514,28
40,320,2
40,894,4
40,780,2
40,1021,2
40,153,2
40,586,12
40,443,2
40,514,1
40,622,3
40,1609,4
40,506,3
40,429,3
40,1564,3
40,518,3
40,1350,2
40,669,2
40,1569,1
40,1442,1
40,265,5
40,623,2
40,611,2
40,1174,3
40,230,1
40,846,5
40,434,5
40,150,4
40,152,2
40,255,4
40,1587,5
40,121,3
40,1112,4
40,717,14
40,1327,4
40,671,2
40,1364,9
40,307,5
40,887,5
40,515,3
40,578,2
40,924,15
40,1540,2
40,1272,2
40,347,1
40,413,25
40,1337,1
40,1439,4
40,70,1
40,1162,1
41,84,5
41,203,3
41,962,5
41,1199,2
41,926,3
41,1244,4
41,197,2
41,480,1
41,1518,4
41,1098,2
41,1572,5
41,67,12
41,1321,5
41,1582,1
41,10,16
41,368,5
41,223,5
41,1108,5
41,619,1
41,330,3
41,840,2
41,338,4
41,252,2
41,1546,23
41,1290,2
41,944,4
41,508,3
41,429,1
41,1006,2
41,524,3
41,135,10
41,63,2
41,459,4
41,1145,1
41,1522,5
41,1197,4
41,278,5
41,839,2
41,1492,4
41,983,5
41,1567,3
41,282,3
41,539,5
41,121,4
41,510,2
41,372,1
41,1587,5
41,1026,2
41,1428,21
41,1225,4
41,1308,2
41,1511,5
41,1328,2
41,594,2
41,1134,5
41,292,3
41,498,5
41,1236,3
41,409,2
41,816,4
41,769,2
41,356,1
41,1556,20
41,754,4
41,765,17
41,216,2
41,812,11
41,802,5
41,1227,1
41,992,2
41,269,1
41,914,2
41,893,3
41,803,3
41,108,2
41,281,2
41,193,4
41,533,2
41,767,1
41,509,5
41,766,5
41,181,2
41,705,4
41,551,4
41,428,1
41,677,1
41,1385,3
41,1566,4
42,1575,3
42,114,4
42,146,2
42,1425,3
42,1170,3
42,1593,2
42,1606,5
42,1407,5
42,1603,2
42,1344,1
42,1584,3
42,35,3
42,855,3
42,271,5
42,1074,2
42,263,3
42,137,5
42,1133,2
42,254,2
42,647,2
42,90,3
42,711,5
42,610,4
42,1087,2
42,1369,3
42,287,4
42,1365,3
42,325,3
42,56,5
42,1602,2
42,785,26
42,209,5
42,522,3
42,1469,4
42,64,5
42,1579,3
42,472,3
42,899,1
42,964,5
42,1275,1
42,1033,3
42,353,2
42,1329,1
42,100,2
42,673,2
42,1014,3
42,1333,5
42,801,1
42,356,1
42,722,2
42,1270,4
42,639,3
43,1094,3
43,1450,1
43,331,3
43,118,1
43,1617,3
43,853,1
43,723,2
43,269,1
43,40,27
43,294,4
43,1042,4
43,804,2
43,941,1
43,1235,2
43,720,1
43,169,4
43,1589,4
43,101,1
43,1304,1
43,523,5
43,690,5
43,1206,14
43,623,2
43,1599,3
43,1620,3
43,585,5
43,1202,4
43,266,2
43,1405,5
43,557,5
43,1572,5
43,30,2
43,1607,4
43,1090,5
43,120,4
43,662,4
43,1593,5
43,650,3
43,134,1
43,1591,1
43,1121,5
43,952,5
43,1627,11
43,393,4
43,1412,5
43,1298,5
43,1597,3
43,1160,4
43,1452,5
43,1173,2
43,1618,2
43,201,5
43,85,4
43,1296,4
43,91,5
43,47,1
43,1317,4
43,953,1
43,637,1
43,396,12
43,1221,3
43,1550,4
43,1108,23
43,768,1
43,10,2
43,875,2
43,439,3
43,46,2
43,168,1
43,737,4
43,1512,5
43,1485,3
43,1272,4
43,553,5
43,764,3
43,887,5
43,147,5
43,209,2
43,504,1
43,402,1
43,84,2
43,551,17
43,129,3
43,1061,3
43,50,3
44,2346,1
44,2112,2
44,2353,2
44,2640,3
44,2632,3
44,1688,3
44,2205,1
44,1682,11
44,2203,2
44,2229,20
44,2692,1
44,2656,3
44,1786,4
44,1929,4
44,2602,3
44,2634,1
44,2534,3
44,2189,1
44,2236,5
44,2126,3
44,2702,5
44,2228,5
44,1998,5
44,2019,2
44,2090,5
44,2195,4
44,2077,5
44,2244,2
44,2220,1
44,1791,3
44,2619,3
44,1742,2
44,2206,4
44,2280,6
44,2100,20
44,2080,5
44,2052,2
44,1745,2
44,1993,4
44,1820,2
44,2545,3
44,2611,2
44,2651,2
44,2508,1
44,2591,4
44,1667,2
44,2540,2
44,1719,20
44,2698,5
44,2516,3
44,2603,29
44,1699,6
44,1733,1
44,1810,4
44,1724,5
44,2729,3
44,2148,5
44,1831,14
44,1770,5
44,1752,5
44,1790,1
44,2379,1
44,2162,1
44,2108,25
44,2332,23
44,2188,5
44,2185,29
44,2827,3
44,2179,15
44,2825,5
44,1663,1
44,2845,5
44,2513,4
44,1773,1
44,2604,1
44,2479,1
45,2630,3
45,1654,1
45,2128,1
45,2527,5
45,1739,5
45,1828,1
45,2292,25
45,2046,6
45,1708,5
45,2636,2
45,2056,3
45,2362,4
45,1940,4
45,2311,1
45,2695,3
45,2101,4
45,2213,2
45,2595,4
45,1700,1
45,2328,3
45,2673,3
45,2039,3
45,1988,3
45,2118,2
45,2380,3
45,1755,3
45,2243,1
45,2372,3
45,2081,2
45,1971,2
45,2646,2
45,2267,2
45,2705,1
45,1807,12
45,2112,3
45,1676,5
45,2355,1
45,2649,3
45,2641,14
45,2010,2
45,1763,2
45,2575,10
45,2223,5
45,1747,5
45,1794,1
45,2640,4
45,2084,3
45,2517,5
45,2379,4
45,2031,1
45,1640,5
45,2057,1
45,2257,3
45,1656,5
45,1669,1
45,2515,1
45,2191,3
45,2314,1
45,2373,3
45,1800,1
45,1999,3
45,1825,2
45,1641,5
45,2567,2
45,1649,16
45,2337,2
45,2592,2
45,2262,2
45,2197,1
45,1726,3
45,2597,4
45,2847,4
45,1838,5
45,2111,2
45,2313,8
45,1687,30
45,1829,13
45,1969,4
45,2412,4
45,2587,1
45,2662,2
45,2485,4
45,2651,3
45,2130,2
45,2026,2
45,2148,2
45,2301,4
45,2852,3
45,2849,2
45,1805,27
45,2543,1
45,1819,3
45,2701,1
45,2304,5
45,1712,4
45,1974,3
45,2103,5
45,1970,17
45,2218,5
45,1734,5
46,63,4
46,280,9
46,1054,3
46,463,4
46,1407,2
46,1269,25
46,724,5
46,287,3
46,46,2
46,1625,26
46,1591,3
46,1344,4
46,1170,1
46,758,3
46,853,5
46,218,2
46,582,1
46,142,3
46,215,2
46,375,4
46,728,2
46,299,2
46,286,3
46,400,5
46,123,6
46,905,27
46,1606,3
46,127,5
46,690,2
46,131,4
46,1015,5
46,591,4
46,254,5
46,1080,16
46,609,4
46,859,1
46,1576,4
46,1086,15
46,1603,4
46,903,4
46,783,5
46,1582,2
46,1592,1
46,672,4
46,1608,4
46,1468,2
46,1589,3
46,650,4
46,1459,4
46,579,3
46,689,5
46,1630,11
46,1624,2
46,703,10
46,1588,3
46,1355,4
46,786,29
46,146,3
46,1597,4
46,900,2
46,1612,3
46,38,1
46,1477,5
46,637,27
46,1320,2
46,109,3
46,397,17
46,329,2
46,845,1
46,721,5
46,992,1
46,500,3
46,884,4
46,34,2
46,658,1
46,300,1
46,302,13
46,1375,4
46,1629,1
46,321,5
46,82,5
46,113,4
46,121,1
46,47,2
46,1031,2
46,1604,4
46,184,1
46,1241,2
46,847,21
46,446,25
46,977,5
46,639,3
46,149,5
47,1468,3
47,397,19
47,89,5
47,1094,4
47,1152,5
47,1015,4
47,707,4
47,1434,4
47,1436,2
47,776,1
47,522,3
47,1080,1
47,1440,4
47,1143,5
47,40,1
47,1086,4
47,49,3
47,685,1
47,157,5
47,463,5
47,1403,2
47,210,2
47,648,4
47,1555,5
47,1178,1
47,935,4
47,245,6
47,657,4
47,625,5
47,58,2
47,146,1
47,1180,5
47,1336,21
47,1462,2
47,43,4
47,216,4
47,106,29
47,1054,5
47,1085,2
47,1238,3
47,1142,10
47,270,5
47,145,5
47,117,4
47,375,2
47,1527,1
47,1391,5
47,51,1
47,1042,1
47,910,4
47,905,2
47,1489,5
47,1508,1
47,52,3
47,1205,2
47,1077,2
47,1624,5
47,235,14
47,486,2
47,396,4
47,1295,1
47,1539,5
47,175,5
47,922,2
47,632,4
47,203,5
47,1131,4
47,1565,1
47,734,3
47,848,13
47,412,14
47,1572,4
47,1396,22
47,542,4
47,557,4
47,1593,4
47,233,3
47,1376,4
47,703,5
47,172,3
48,894,4
48,506,4
48,600,4
48,564,2
48,105,4
48,149,2
48,1272,4
48,987,3
48,185,2
48,167,3
48,1221,3
48,1231,1
48,1614,29
48,1058,3
48,1158,1
48,1363,20
48,762,5
48,1311,2
48,250,5
48,1611,4
48,551,3
48,827,3
48,457,1
48,677,4
48,614,1
48,55,2
48,1172,1
48,499,3
48,611,2
48,977,1
48,1332,4
48,1006,1
48,1037,2
48,610,4
48,438,2
48,1362,3
48,1181,1
48,684,2
48,630,5
48,429,4
48,996,4
48,962,5
48,1477,5
48,1618,1
48,1519,8
48,724,24
48,1195,5
48,150,3
48,434,4
48,1152,2
48,669,2
49,1585,3
49,878,3
49,286,1
49,648,3
49,215,2
49,1133,4
49,896,3
49,263,23
49,1608,5
49,690,3
49,1604,2
49,299,13
49,1598,3
49,884,2
49,859,3
49,214,3
49,803,3
49,1088,1
49,1282,4
49,758,4
49,1065,2
49,855,1
49,783,4
49,1162,2
49,917,1
49,447,1
49,387,2
49,19,4
49,1388,4
49,1084,3
49,910,3
49,1457,7
49,1609,3
49,874,22
49,1452,1
49,279,1
49,912,1
49,711,2
49,38,5
49,623,7
49,1066,3
49,64,2
49,219,2
49,227,1
49,96,4
49,1423,1
49,1577,3
49,1628,4
49,595,1
49,255,5
49,1490,3
49,159,4
49,1314,1
49,625,1
49,571,4
49,578,3
49,1505,1
49,916,3
49,1517,2
49,875,5
49,397,5
49,996,5
49,396,5
50,2782,2
50,2417,2
50,2432,2
50,2502,1
50,2418,4
50,2843,4
50,2779,1
50,2397,5
50,2150,5
50,1843,4
50,2455,5
50,2741,3
50,2832,5
50,2147,1
50,1864,5
50,1924,5
50,2504,3
50,2182,1
50,2778,4
50,2829,2
50,2819,2
50,2492,5
50,2164,4
50,2787,2
50,2786,2
50,2859,1
50,1831,4
50,2776,3
50,2745,2
50,1866,14
50,2395,5
50,2820,29
50,2809,23
50,2783,2
50,2477,5
50,2746,4
50,2470,2
50,2416,3
50,2451,4
50,2850,3
50,2801,3
50,2802,2
50,2858,5
50,2157,4
50,2415,3
50,2159,5
50,2149,2
50,2817,1
50,2856,2
50,2810,4
50,2446,26
50,2495,5
50,2717,1
50,2848,3
50,2405,26
50,1738,1
50,2689,4
50,2615,3
50,2614,16
50,2392,2
50,2320,5
50,2694,16
50,2396,1
50,2534,3
50,2217,5
50,1758,3
50,2039,1
50,1794,3
50,1955,4
50,2367,1
50,2529,5
50,1766,4
50,2355,2
50,2088,1
50,1769,3
50,2532,4
50,2567,2
51,1888,2
51,1894,1
51,2565,3
51,2532,1
51,2583,3
51,1652,2
51,1882,5
51,2274,1
51,2507,4
51,2820,1
51,1698,1
51,2005,3
51,2862,1
51,2533,4
51,2284,2
51,1879,4
51,1691,4
51,2475,5
51,1901,3
51,2555,5
51,1934,2
51,2587,4
51,1928,5
51,2182,2
51,2840,5
51,1666,25
51,2028,3
51,2267,5
51,2490,3
51,2244,1
51,2551,3
51,2832,3
51,1640,8
51,2279,1
51,1684,4
51,2833,1
51,1673,2
51,1664,2
51,1992,2
51,2003,21
51,1896,5
51,2247,2
51,2025,2
51,2211,5
51,2585,2
51,2863,1
51,1828,2
51,2260,5
51,1864,2
51,2611,2
51,2727,23
51,2503,4
51,2255,4
51,2108,5
51,1663,2
51,2082,5
51,2061,4
51,2759,5
51,1770,9
51,2183,5
51,2472,1
51,2637,25
51,2654,2
51,2321,3
52,851,3
52,1083,5
52,608,4
52,992,2
52,682,5
52,1420,1
52,1050,2
52,1051,2
52,389,3
52,543,4
52,1494,1
52,156,3
52,570,3
52,1393,25
52,1354,4
52,587,5
52,176,4
52,924,2
52,362,29
52,987,5
52,1553,2
52,390,30
52,423,5
52,451,4
52,1426,5
52,977,5
52,180,1
52,967,3
52,167,4
52,171,3
52,155,18
52,298,3
52,1558,2
52,186,27
52,1514,3
52,1339,2
52,301,5
52,1297,3
52,1026,2
52,282,5
52,1569,5
52,483,5
52,1272,1
52,1409,1
52,632,17
52,868,4
52,1190,3
52,965,1
52,763,1
52,546,4
52,182,1
52,603,5
52,540,3
52,650,2
52,187,3
52,610,3
52,808,5
52,72,2
52,1091,3
52,1234,3
52,1613,4
52,50,4
52,611,2
52,163,2
52,516,2
52,267,1
52,289,4
52,1001,3
52,1239,11
52,449,5
52,989,3
52,1341,5
52,410,1
52,1321,5
52,1517,25
52,531,4
52,730,2
52,1602,4
52,265,2
52,270,17
52,620,2
52,600,2
52,1231,5
53,1330,2
53,590,2
53,856,3
53,884,15
53,770,1
53,1505,4
53,38,4
53,318,5
53,101,1
53,505,5
53,388,4
53,1232,2
53,1202,1
53,1436,4
53,1561,4
53,1329,2
53,975,3
53,1086,5
53,585,5
53,1127,5
53,807,5
53,322,4
53,1180,3
53,258,3
53,201,1
53,1369,1
53,883,4
53,1104,1
53,220,2
53,779,5
53,721,1
53,1509,1
53,1392,4
53,819,10
53,111,5
53,116,4
53,1334,3
53,58,3
53,34,4
53,647,1
53,910,3
53,579,3
53,657,5
53,1412,4
53,862,5
53,424,1
53,1298,2
53,1121,5
53,1092,2
53,1360,3
53,420,5
53,1377,5
53,513,3
53,899,3
53,30,1
53,69,2
53,462,5
53,992,5
53,684,5
53,98,1
53,234,2
53,697,3
53,252,3
53,1034,5
53,591,2
53,1470,4
53,24,2
53,135,5
53,238,4
53,905,16
53,45,5
53,704,1
53,1038,3
53,1300,2
54,1277,5
54,13,3
54,1616,1
54,1531,5
54,1302,1
54,245,3
54,491,1
54,1218,3
54,1629,2
54,50,1
54,318,4
54,1005,1
54,35,5
54,1620,5
54,1413,1
54,22,5
54,1423,1
54,1329,1
54,1583,6
54,785,5
54,249,5
54,973,2
54,359,3
54,598,2
54,169,4
54,373,3
54,568,3
54,1173,2
54,120,1
54,1128,3
54,1138,3
54,1580,2
54,139,1
54,140,3
54,1561,3
54,1092,4
54,1573,4
54,1570,2
54,207,5
54,1160,4
54,1596,3
54,636,3
54,650,1
54,401,3
54,613,3
54,127,13
54,54,3
54,1193,2
54,219,3
54,267,5
54,1219,5
54,724,17
54,1612,3
54,228,4
54,877,5
54,1194,4
54,585,3
54,1267,1
54,1031,18
54,952,2
54,710,4
54,1601,5
54,229,4
54,311,4
54,404,20
54,1500,1
54,1515,1
54,1462,1
54,328,2
54,201,5
54,597,5
54,242,1
54,799,3
54,954,5
54,77,2
54,614,3
54,4,5
54,732,2
54,521,3
54,571,15
55,463,3
55,1208,4
55,1365,3
55,1506,2
55,1388,4
55,1201,4
55,145,20
55,115,2
55,1087,2
55,1143,5
55,1517,5
55,1439,3
55,129,4
55,1336,5
55,339,5
55,707,12
55,573,4
55,1322,1
55,1521,23
55,207,1
55,1335,3
55,367,5
55,770,5
55,1344,3
55,1537,1
55,627,16
55,94,5
55,523,2
55,1269,3
55,715,1
55,51,3
55,90,3
55,885,3
55,101,4
55,1560,3
55,294,2
55,1205,5
55,1160,4
55,111,4
55,1496,5
55,819,5
55,266,9
55,667,2
55,1307,4
55,589,1
55,1117,2
55,728,4
55,1296,5
55,720,4
55,1235,2
55,1106,5
55,212,2
55,1527,4
55,583,3
55,872,1
55,884,1
55,139,1
55,723,4
55,1434,3
55,556,5
55,1245,3
55,220,3
55,340,3
55,1463,4
55,1183,14
55,1492,5
55,354,2
55,909,4
55,848,5
55,520,2
55,67,18
55,825,2
55,1264,2
55,952,23
55,1414,3
55,31,3
55,639,1
55,669,3
55,475,3
55,889,2
55,134,3
55,1086,4
55,745,4
55,1165,1
55,843,2
55,1026,5
55,553,1
55,672,5
55,1464,2
55,774,3
55,1254,3
55,1528,4
56,2859,1
56,2053,3
56,2320,1
56,1823,23
56,2639,2
56,1902,1
56,2696,3
56,2619,1
56,2176,2
56,2041,4
56,2120,3
56,2305,5
56,2082,4
56,2685,4
56,2089,3
56,1765,2
56,2030,4
56,1744,2
56,2175,1
56,2845,1
56,1883,1
56,2091,1
56,2315,2
56,2035,1
56,1880,4
56,1897,4
56,2643,2
56,1827,1
56,2824,3
56,2325,1
56,2459,2
56,2680,4
56,2292,26
56,2615,1
56,2307,4
56,1926,2
56,2063,4
56,1797,3
56,1749,5
56,2309,3
56,2815,2
56,2356,4
56,2069,5
56,2681,5
56,2125,1
56,2452,7
56,1927,13
56,2836,5
56,2683,1
56,1916,1
56,2490,1
56,2085,2
56,2359,5
56,1758,1
56,1866,5
56,2066,4
56,2298,5
56,1738,4
56,2348,4
56,2375,18
56,2169,2
56,1787,2
56,2065,3
56,2807,23
56,2115,1
56,2451,3
56,2173,5
56,1904,1
56,2822,8
56,2137,4
56,2222,5
56,2144,3
56,2687,3
56,2705,5
56,1869,1
56,1700,3
56,2415,2
56,2679,3
56,2368,5
56,1830,10
56,2075,5
56,2591,23
56,2103,5
56,2394,2
56,2442,2
56,1775,2
56,2049,2
56,1764,1
56,1971,3
56,2446,3
56,1633,3
56,2090,7
56,2240,5
56,1983,3
56,1674,5
56,2584,3
57,510,28
57,411,3
57,835,3
57,1164,4
57,1095,1
57,1486,3
57,750,1
57,334,5
57,1427,5
57,1428,1
57,980,9
57,987,1
57,1565,5
57,1144,30
57,1231,11
57,332,4
57,1300,5
57,1208,3
57,661,4
57,1082,2
57,330,4
57,1174,5
57,590,3
57,431,2
57,1356,1
57,1129,5
57,365,1
57,465,4
57,604,3
57,599,4
57,1006,18
57,780,2
57,451,3
57,28,5
57,1520,3
57,822,5
57,1168,1
57,202,5
57,1364,5
57,467,5
57,1338,3
57,446,4
57,841,1
57,416,5
57,353,5
57,532,4
57,709,5
57,73,1
57,308,3
57,825,13
57,1173,2
57,489,4
57,805,4
57,227,5
57,1239,1
57,1349,4
57,1305,4
57,706,2
57,1434,5
57,1491,3
58,2809,1
58,2461,3
58,2744,1
58,2807,5
58,2388,1
58,2718,3
58,2751,4
58,1906,3
58,2440,1
58,2717,5
58,2463,3
58,2787,2
58,2858,18
58,1899,4
58,2484,4
58,2504,2
58,2759,5
58,2141,2
58,2812,4
58,2846,2
58,2715,5
58,2745,1
58,2441,2
58,2842,1
58,2730,3
58,2478,5
58,2180,2
58,1849,1
58,2443,3
58,2428,4
58,2160,3
58,2863,5
58,2407,4
58,2765,1
58,2800,5
58,2172,9
58,1919,4
58,2776,3
58,1852,4
58,2485,2
58,2708,5
58,2850,4
58,2163,3
58,2422,3
58,2726,4
58,1882,13
58,1842,4
58,1853,3
58,1923,5
58,2723,3
58,2162,2
58,2700,3
58,1751,1
58,1697,24
58,2740,5
58,1709,4
58,2733,16
58,1994,5
58,2387,2
58,2231,5
58,1717,3
58,2333,3
58,1783,1
58,1896,5
58,2604,5
58,1722,2
58,2435,3
58,2297,3
58,1967,5
58,1706,5
58,2798,5
58,2257,5
58,2369,4
58,2666,1
59,2226,2
59,2798,1
59,2578,1
59,2258,2
59,2747,1
59,2189,1
59,2193,1
59,2712,2
59,2281,4
59,1977,5
59,1837,2
59,1857,1
59,2559,2
59,1989,5
59,2427,1
59,2387,6
59,2020,4
59,2598,1
59,2539,3
59,2771,4
59,2543,1
59,2268,5
59,1969,5
59,2779,1
59,1719,5
59,2558,1
59,1931,1
59,1634,2
59,2783,4
59,1684,2
59,1980,2
59,1961,3
59,1714,2
59,2199,2
59,1650,1
59,2722,5
59,2219,1
59,2579,2
59,2235,5
59,2196,5
59,1954,2
59,2243,3
59,1705,8
59,2526,1
59,1695,5
59,1991,5
59,2201,3
59,2003,5
59,1968,2
59,1658,1
59,2291,4
59,2561,1
59,1664,2
59,2532,19
59,2452,5
59,2597,5
59,2306,4
59,2417,17
59,2456,21
59,2844,2
59,2262,1
59,2440,4
59,2425,4
59,2643,3
59,2137,4
59,2304,2
59,2399,2
59,2502,4
59,1987,12
59,2183,4
59,2055,4
59,2368,3
60,2369,3
60,2440,1
60,2120,2
60,2314,12
60,1768,3
60,2163,3
60,2493,3
60,2051,3
60,2076,3
60,1869,5
60,2294,5
60,2182,3
60,1820,5
60,2356,3
60,2860,5
60,2606,5
60,2622,4
60,2626,3
60,2858,9
60,2100,4
60,2857,2
60,2705,2
60,2362,5
60,2088,2
60,2318,2
60,1773,3
60,2646,8
60,2469,4
60,2657,4
60,1883,1
60,2495,3
60,2617,25
60,2853,2
60,2053,3
60,2154,5
60,1758,4
60,2122,1
60,1765,5
60,2698,1
60,2063,16
60,2810,5
60,2677,4
60,2660,2
60,2099,1
60,2127,29
60,2102,5
60,1745,4
60,1734,13
60,2333,3
60,2374,3
60,1790,4
60,2686,1
60,2814,4
60,2704,4
60,1899,5
60,2342,4
60,2052,2
60,2846,4
60,2370,4
60,2835,1
60,2462,1
60,2635,3
60,1885,8
60,2718,22
60,2214,1
60,2313,3
60,1687,4
60,2015,4
60,2380,2
60,2706,3
60,2267,5
60,2777,4
60,2404,4
60,1655,2
60,2022,3
60,1925,4
60,2224,2
60,2131,3
60,2799,3
60,1935,3
60,2692,3
60,2786,2
60,1678,2
60,2181,3
60,2594,3
60,2288,2
60,2304,3
60,2086,1
60,2818,1
60,2080,14
60,1884,2
61,2069,5
61,2104,1
61,2794,1
61,2067,3
61,2735,2
61,2647,2
61,2688,2
61,2359,5
61,2681,3
61,2362,30
61,2751,1
61,2098,3
61,2631,4
61,1821,4
61,2321,1
61,2676,5
61,2329,2
61,1803,1
61,2650,4
61,2422,1
61,2429,1
61,2138,29
61,2729,1
61,2391,2
61,2697,4
61,2634,3
61,2716,3
61,2102,3
61,2639,1
61,2403,5
61,2060,4
61,1782,4
61,1735,1
61,2789,10
61,2640,1
61,2761,1
61,2330,1
61,2434,1
61,2360,3
61,2667,1
61,2503,3
61,1921,5
61,2457,4
61,2293,19
61,2307,5
61,2724,4
61,2854,1
61,2574,5
61,2796,5
61,2740,4
61,2369,4
61,2785,5
61,1939,1
61,2726,4
61,2181,4
61,2765,1
61,2565,2
61,1980,2
61,1908,3
62,202,2
62,495,1
62,1542,5
62,261,2
62,1279,4
62,602,3
62,303,15
62,611,5
62,194,2
62,1239,2
62,658,4
62,1100,1
62,1159,1
62,1500,4
62,55,1
62,310,2
62,181,4
62,1449,5
62,421,3
62,532,5
62,789,4
62,852,1
62,1122,1
62,521,5
62,1539,1
62,1111,3
62,1203,1
62,74,1
62,1139,2
62,949,5
62,1113,4
62,449,5
62,1442,4
62,208,2
62,386,2
62,1517,29
62,725,1
62,1202,1
62,1103,20
62,740,1
62,771,3
62,1227,5
62,808,1
62,1085,5
62,766,2
62,201,4
62,1068,1
62,137,2
62,1450,10
62,167,4
62,432,5
62,1454,5
62,423,2
62,668,4
62,1620,1
62,204,5
63,635,5
63,735,1
63,479,3
63,1054,3
63,619,4
63,1170,3
63,730,3
63,910,3
63,256,1
63,1108,4
63,684,5
63,584,3
63,1025,3
63,42,3
63,830,4
63,1528,2
63,93,1
63,1223,3
63,468,1
63,1111,1
63,1147,3
63,69,4
63,57,4
63,1156,3
63,1203,3
63,349,3
63,1084,4
63,130,3
63,244,22
63,265,24
63,1098,3
63,713,17
63,461,4
63,1182,5
63,83,19
63,309,4
63,1212,3
63,676,30
63,1534,1
63,1333,3
63,836,3
63,48,5
63,371,3
63,335,4
63,506,2
63,353,1
63,870,5
63,95,2
63,616,21
63,1286,2
63,336,1
63,1515,2
63,936,1
63,842,1
63,297,4
63,8,4
63,537,2
63,1396,15
63,940,2
63,429,4
63,402,3
63,1358,3
63,824,3
63,1070,6
63,576,26
63,770,2
63,1330,2
63,554,17
63,637,3
63,1614,11
63,341,2
63,22,30
63,1591,4
63,977,1
63,1087,3
63,1603,5
63,495,3
63,462,3
63,832,2
63,422,3
63,1476,4
63,385,1
64,152,4
64,554,2
64,1310,2
64,45,4
64,1214,1
64,967,1
64,1406,26
64,482,4
64,1088,1
64,1453,4
64,980,2
64,1280,3
64,38,3
64,995,2
64,1306,1
64,649,5
64,126,4
64,147,5
64,767,24
64,1286,2
64,1144,1
64,969,3
64,8,5
64,1341,3
64,166,4
64,174,3
64,1078,2
64,950,3
64,364,5
64,713,4
64,487,22
64,281,2
64,990,15
64,311,5
64,1299,4
64,1010,5
64,358,4
64,1037,2
64,374,2
64,445,4
64,1446,5
64,732,3
64,386,5
64,896,4
64,766,2
64,890,5
64,227,3
64,918,4
64,912,2
64,400,4
64,697,2
64,1022,1
64,831,5
64,1356,1
64,257,3
64,1066,2
64,1270,1
64,1373,1
64,1260,2
64,684,1
64,267,1
64,745,4
64,932,5
64,258,3
64,547,4
64,405,4
64,110,1
64,917,5
64,1488,5
64,148,3
64,112,3
64,78,5
64,603,5
64,882,5
64,979,4
64,1397,4
64,388,5
64,323,28
64,164,4
64,996,5
64,1224,1
64,659,5
64,860,1
65,590,2
65,582,4
65,1127,1
65,1232,5
65,997,5
65,589,1
65,1612,4
65,1142,25
65,127,5
65,35,5
65,101,2
65,1050,4
65,1140,5
65,94,1
65,1128,3
65,1266,3
65,131,7
65,758,5
65,599,4
65,1338,23
65,1604,4
65,145,2
65,1162,5
65,113,12
65,975,1
65,1121,4
65,919,4
65,1335,1
65,30,1
65,1589,4
65,1565,1
65,1143,5
65,1582,4
65,745,7
65,1597,4
65,24,3
65,1508,3
65,867,3
65,960,5
65,1586,3
65,41,4
65,245,2
65,1574,2
65,151,4
65,394,4
65,878,4
65,612,6
65,1093,5
65,392,1
65,310,5
65,518,5
65,111,1
65,917,4
65,785,1
65,716,8
65,1315,8
65,1596,2
65,248,4
65,321,2
65,396,3
65,757,5
65,1546,5
65,206,3
65,815,5
65,512,2
65,763,4
65,1443,2
65,1373,4
66,488,3
66,289,2
66,404,4
66,202,5
66,1223,4
66,1351,3
66,1628,5
66,1165,5
66,290,4
66,1623,1
66,454,1
66,250,2
66,1416,5
66,550,2
66,638,5
66,1244,2
66,1172,4
66,562,11
66,921,4
66,719,4
66,282,1
66,643,3
66,203,4
66,168,12
66,752,5
66,133,3
66,1011,3
66,652,1
66,650,13
66,853,4
66,1466,3
66,1175,19
66,596,4
66,259,4
66,385,3
66,1010,4
66,587,6
66,173,5
66,1282,5
66,1144,8
66,1409,1
66,72,12
66,1153,1
66,926,4
66,1519,1
66,1117,20
66,1400,4
66,790,3
66,1548,2
66,678,5
66,287,26
66,428,5
66,1254,2
66,1136,4
66,1098,3
66,279,2
66,1566,5
66,772,3
66,228,27
66,1031,3
66,350,30
66,941,3
66,57,4
66,907,4
67,372,5
67,587,1
67,538,9
67,1166,3
67,1102,3
67,913,1
67,1146,3
67,1300,5
67,110,5
67,756,5
67,817,2
67,1195,1
67,832,7
67,493,1
67,675,1
67,1052,16
67,854,22
67,614,5
67,1522,1
67,75,1
67,982,1
67,933,4
67,65,3
67,700,12
67,433,1
67,986,3
67,251,3
67,351,5
67,932,1
67,821,1
67,212,4
67,537,5
67,728,5
67,1348,2
67,152,21
67,452,4
67,1435,3
67,755,4
67,1038,5
67,25,4
67,1167,4
67,871,4
67,634,4
67,1484,3
67,466,3
67,249,3
67,1230,2
67,482,2
67,281,4
67,716,5
67,1355,5
67,1463,4
67,319,11
67,181,4
67,334,4
67,1096,4
67,555,4
67,1079,4
67,578,1
67,742,3
67,531,4
67,666,3
67,825,3
67,1568,2
68,1113,3
68,1364,3
68,1492,2
68,737,15
68,103,2
68,1406,4
68,1161,1
68,652,2
68,1252,5
68,398,2
68,1010,3
68,425,3
68,422,2
68,1467,1
68,1177,5
68,1339,3
68,605,2
68,1351,3
68,1184,1
68,1221,5
68,987,1
68,1129,5
68,785,5
68,1268,2
68,829,1
68,151,4
68,823,18
68,1568,2
68,1311,2
68,750,5
68,1020,4
68,787,5
68,1217,5
68,516,5
68,411,5
68,475,2
68,508,4
68,239,19
68,1473,1
68,65,2
68,1006,3
68,1409,5
68,499,2
68,1613,3
68,298,3
68,894,3
68,308,4
68,320,5
68,646,2
68,1438,5
68,21,3
68,370,1
68,759,1
68,321,2
68,325,2
68,1381,2
68,4,5
68,604,1
69,2671,2
69,2688,1
69,2658,3
69,2132,5
69,2378,5
69,2090,3
69,2618,4
69,2345,4
69,2718,4
69,2400,1
69,2784,2
69,2138,2
69,2046,1
69,2433,1
69,1838,1
69,2079,5
69,2609,2
69,2312,5
69,2342,4
69,2766,5
69,2789,1
69,2136,1
69,2771,15
69,2696,1
69,2743,4
69,2644,2
69,2666,1
69,2048,1
69,2683,5
69,2142,5
69,2752,1
69,2769,5
69,2396,5
69,2291,2
69,2076,3
69,1761,5
69,1832,23
69,1793,2
69,1745,1
69,2125,1
69,1769,2
69,2630,2
69,1835,2
69,2629,4
69,2382,5
69,1820,2
69,2050,3
69,2287,16
69,2851,1
69,2084,3
69,1906,1
69,2613,1
69,1783,1
69,2639,3
69,2078,3
69,1749,3
69,1991,1
69,1990,26
69,2051,2
69,2635,7
69,1919,2
69,2220,22
69,1642,3
69,1812,1
69,2731,1
69,2241,3
69,2530,3
70,1827,2
70,2294,2
70,2349,4
70,1794,1
70,2674,2
70,2617,3
70,2124,5
70,2666,22
70,2094,5
70,2398,5
70,2669,5
70,2127,4
70,2731,1
70,2365,3
70,2092,4
70,1765,1
70,2413,2
70,2315,3
70,2385,4
70,2414,3
70,2115,2
70,1835,2
70,2408,3
70,2802,1
70,2438,2
70,2409,2
70,2754,5
70,2331,5
70,2360,4
70,2644,4
70,2046,10
70,2665,5
70,2422,3
70,2779,1
70,2686,9
70,2628,5
70,2772,2
70,2712,4
70,1843,2
70,1842,5
70,2751,3
70,2071,5
70,2209,4
70,2546,15
70,2683,4
70,2662,2
70,2224,2
70,1721,5
70,2162,5
70,1917,2
70,2158,2
70,1830,2
70,2522,5
70,2593,1
70,2691,4
70,2077,2
70,1681,3
70,1866,5
70,2027,2
71,118,5
71,329,5
71,1200,5
71,269,2
71,339,1
71,1387,3
71,581,5
71,583,1
71,795,1
71,1235,23
71,47,29
71,424,4
71,1527,21
71,90,9
71,970,5
71,214,1
71,1369,5
71,905,5
71,819,2
71,1137,1
71,1411,8
71,1477,1
71,26,5
71,1423,2
71,1464,5
71,137,3
71,343,2
71,1132,3
71,129,3
71,1330,1
71,880,3
71,205,3
71,1448,2
71,283,21
71,997,2
71,1015,1
71,495,2
71,1450,5
71,254,1
71,322,1
71,648,5
71,1042,3
71,148,4
71,1412,4
71,1625,4
71,1628,5
71,357,2
71,94,4
71,1507,5
71,1070,1
71,1407,2
71,289,1
71,898,1
71,499,2
71,1160,4
71,1426,1
71,1085,2
71,478,2
71,1079,5
71,453,1
71,1494,1
71,496,3
71,335,2
71,222,5
72,1904,5
72,2160,3
72,2135,4
72,2826,2
72,2464,30
72,2450,5
72,1923,3
72,2755,1
72,2454,4
72,2136,3
72,2789,5
72,2854,4
72,2448,5
72,1907,1
72,2167,1
72,2740,4
72,2850,5
72,2410,5
72,2855,3
72,2414,19
72,2150,3
72,2441,3
72,2769,21
72,2385,1
72,2143,5
72,2483,5
72,1857,3
72,2173,21
72,2460,5
72,2137,3
72,1886,2
72,1892,5
72,1847,5
72,2455,5
72,2430,5
72,1918,2
72,2766,3
72,2159,1
72,2763,4
72,2729,5
72,2472,3
72,2785,2
72,2756,4
72,2389,4
72,2489,5
72,2859,3
72,2732,25
72,2181,2
72,2149,1
72,2730,2
72,2736,2
72,2142,5
72,1839,1
72,2738,5
72,2799,5
72,2716,3
72,2177,2
72,2478,5
72,1919,1
72,2164,4
72,1912,5
72,2469,5
72,1873,5
72,2803,2
72,1909,10
72,2170,1
72,2725,5
72,2796,18
72,2438,4
72,2444,29
72,2211,4
72,2051,2
72,2771,3
72,1831,3
72,2777,1
72,2113,5
72,2586,1
72,2176,4
72,2404,3
72,2075,3
72,2613,9
72,2179,22
72,2298,5
72,1795,5
72,1744,5
72,2674,2
72,2437,4
72,1821,4
72,2739,1
72,1881,13
72,1851,4
72,1915,3
72,2645,2
72,1661,3
72,2381,1
72,2458,2
72,1940,5
72,2486,5
72,2471,19
72,2493,4
73,46,4
73,718,2
73,1002,4
73,1343,3
73,554,2
73,1046,14
73,885,4
73,965,4
73,365,3
73,469,3
73,911,1
73,214,26
73,1287,5
73,451,4
73,209,2
73,926,1
73,1108,5
73,900,2
73,959,4
73,1323,2
73,749,3
73,752,2
73,873,3
73,709,7
73,369,5
73,930,2
73,354,3
73,1220,1
73,38,29
73,559,5
73,147,2
73,770,5
73,1551,2
73,1100,1
73,1544,2
73,423,4
73,845,4
73,81,2
73,44,14
73,996,2
73,800,1
73,488,3
73,5,4
73,180,5
73,114,5
73,1381,2
73,1616,9
73,277,27
73,541,1
73,394,1
73,914,1
73,1316,1
73,928,4
73,1084,2
74,2209,3
74,1647,2
74,1927,2
74,2222,5
74,1894,4
74,2153,4
74,2595,28
74,2277,4
74,2584,3
74,2154,3
74,2275,2
74,2817,3
74,1952,2
74,2485,5
74,2525,1
74,2260,5
74,2203,10
74,2262,5
74,2227,3
74,2441,4
74,2579,3
74,2475,11
74,2179,3
74,1863,2
74,2565,5
74,2152,2
74,1877,3
74,1728,1
74,2518,5
74,2526,1
74,1984,4
74,2830,5
74,1879,4
74,2218,3
74,2009,4
74,2547,1
74,1932,1
74,1712,5
74,2586,3
74,1876,2
74,2201,4
74,2268,3
74,1692,3
74,2589,2
74,1673,3
74,2807,2
74,1705,4
74,2271,12
74,2005,5
74,1939,5
74,2106,4
74,2506,5
74,2166,3
74,2850,4
74,1910,5
74,1632,28
74,2548,5
74,1759,5
74,1813,1
74,2524,2
74,2349,1
74,1938,2
74,1975,2
74,1657,5
74,2521,5
74,1953,3
74,2192,1
74,2301,3
74,2790,3
74,2292,2
74,1783,25
74,2473,2
75,488,1
75,1603,2
75,896,1
75,142,2
75,922,1
75,660,1
75,337,5
75,1062,1
75,26,2
75,1262,5
75,1601,1
75,140,3
75,1613,1
75,1591,3
75,623,2
75,271,3
75,1089,1
75,1624,4
75,1618,4
75,1457,4
75,807,3
75,471,1
75,34,1
75,1458,3
75,1066,5
75,388,5
75,786,1
75,522,5
75,711,3
75,692,2
75,1344,4
75,1602,1
75,6,3
75,906,2
75,339,5
75,803,4
75,85,5
75,870,4
75,770,10
75,1587,4
75,1592,4
75,1597,2
75,1452,1
75,1497,1
75,1459,1
75,1579,2
75,86,21
75,1584,5
75,1345,4
75,1575,1
75,1126,2
75,387,2
75,1015,2
75,64,2
75,1266,3
75,1050,4
75,1590,1
75,146,1
75,917,3
75,1446,3
75,1071,3
75,1616,21
75,396,1
75,689,3
75,143,4
75,45,3
75,1173,2
75,546,3
75,1113,3
75,787,3
75,13,5
75,414,3
75,1165,2
75,401,2
75,630,3
75,1054,2
75,826,4
75,1423,17
75,1550,3
75,524,4
75,1052,4
75,282,5
75,1292,3
75,999,1
75,423,3
76,1726,5
76,1969,24
76,2558,1
76,2007,4
76,2423,4
76,2584,1
76,2392,5
76,2240,3
76,2737,4
76,1929,3
76,2801,17
76,1676,4
76,2525,1
76,2552,5
76,1728,3
76,2762,4
76,1843,3
76,2803,2
76,1951,2
76,2745,3
76,1998,5
76,2245,1
76,2272,4
76,2246,2
76,2576,5
76,2738,2
76,1996,5
76,1836,2
76,2592,4
76,2385,2
76,1673,4
76,2539,1
76,2202,1
76,1669,5
76,1718,1
76,2418,3
76,2402,3
76,2144,1
76,1656,3
76,1947,1
76,1982,5
76,2221,5
76,2406,4
76,1991,5
76,2589,18
76,2228,3
76,2536,14
76,2792,5
76,2208,1
76,1990,2
76,2203,1
76,1690,5
76,2211,2
76,1963,3
76,2401,1
76,2199,2
76,2249,3
76,1653,27
76,2135,3
76,2253,4
76,1961,3
76,2768,4
76,2805,4
76,2541,2
76,1854,5
76,2429,3
76,1694,1
76,2021,4
76,2308,1
76,2782,3
76,2723,21
76,2419,4
76,2148,3
76,1785,1
76,2426,4
76,1792,1
76,2038,1
76,2078,12
76,2112,1
76,2100,1
76,1934,3
76,2695,4
76,1933,1
76,1735,1
76,2512,1
76,2764,1
76,2414,5
76,2314,2
76,2447,5
76,1764,2
76,2616,9
76,2163,5
76,2573,5
76,2797,21
76,2400,7
76,2090,2
76,2840,23
76,1657,1
77,1446,3
77,160,1
77,896,3
77,312,3
77,176,3
77,1445,4
77,1180,3
77,844,4
77,108,2
77,554,5
77,430,2
77,743,2
77,1014,1
77,1078,3
77,1093,1
77,64,2
77,1473,5
77,640,2
77,1065,1
77,544,3
77,450,3
77,311,5
77,1259,1
77,644,4
77,592,1
77,1348,1
77,1270,3
77,368,4
77,132,1
77,229,2
77,1028,1
77,1167,3
77,792,2
77,235,2
77,719,4
77,1470,2
77,546,3
77,1339,2
77,912,2
77,1239,2
77,448,3
77,890,1
77,1109,3
77,543,27
77,824,4
77,542,4
77,1127,2
77,1364,1
77,1575,4
77,150,2
77,1541,2
77,1484,1
77,1226,1
77,1519,5
77,787,4
77,186,4
77,631,4
77,670,4
78,884,5
78,13,5
78,1205,3
78,1541,1
78,1425,5
78,505,4
78,22,27
78,249,4
78,90,2
78,1344,2
78,1349,5
78,1079,3
78,1394,2
78,1368,3
78,666,5
78,529,1
78,647,2
78,394,5
78,1056,5
78,807,2
78,609,2
78,1325,3
78,24,4
78,1496,1
78,1432,1
78,556,2
78,1336,2
78,1104,5
78,101,2
78,228,1
78,207,11
78,60,1
78,1180,5
78,1320,1
78,1143,2
78,970,5
78,400,3
78,49,5
78,142,1
78,694,1
78,94,1
78,179,5
78,707,5
78,1247,1
78,1392,2
78,1085,4
78,653,5
78,531,17
78,931,3
78,117,2
78,975,3
78,598,2
78,50,3
78,798,5
78,367,2
78,301,5
78,160,4
78,1123,5
78,484,4
78,948,3
78,1468,1
78,1182,1
78,14,1
78,963,18
78,1141,3
78,1483,4
78,1605,5
78,1557,4
78,593,1
78,474,4
78,1470,1
78,941,5
78,425,1
78,482,3
78,1257,3
79,2631,28
79,1790,5
79,2182,1
79,2858,2
79,1863,1
79,2149,5
79,2864,3
79,1749,2
79,2831,4
79,1731,4
79,2338,5
79,1910,1
79,2675,5
79,2689,4
79,2382,5
79,1757,4
79,2814,1
79,1916,4
79,1812,5
79,2059,4
79,1914,2
79,1798,3
79,1817,5
79,2446,4
79,1906,24
79,2074,2
79,2697,5
79,2362,2
79,1782,4
79,2808,4
79,2487,21
79,2441,3
79,2153,2
79,1881,4
79,1819,4
79,2861,3
79,2844,1
79,2823,1
79,2626,4
79,2119,5
79,2358,4
79,2660,5
79,2634,2
79,1795,3
79,1872,6
79,1922,3
79,2051,2
79,1765,3
79,1763,3
79,2118,2
79,2688,1
79,2314,12
79,2640,5
79,2666,10
79,2350,4
79,2664,3
79,2435,1
79,2155,4
79,2669,3
79,2839,2
79,2568,3
79,2035,4
79,2804,1
79,2654,3
79,2600,4
79,2776,3
79,2517,5
79,2280,2
79,2344,3
79,2849,25
79,2824,4
79,2352,5
79,1816,1
79,2451,2
79,2421,4
79,1865,1
79,1849,3
79,2016,1
79,1713,4
79,2269,3
79,2318,2
80,259,3
80,541,5
80,1128,4
80,1108,5
80,1291,1
80,1473,17
80,377,2
80,1366,1
80,528,1
80,977,3
80,1516,3
80,1175,4
80,484,4
80,1534,4
80,617,5
80,641,2
80,586,2
80,1212,1
80,88,24
80,716,2
80,262,1
80,1387,5
80,1481,4
80,1561,29
80,806,4
80,943,5
80,1450,1
80,149,4
80,1077,1
80,1487,2
80,362,3
80,750,4
80,1538,4
80,768,24
80,1565,3
80,1341,2
80,1389,2
80,1192,1
80,576,3
80,549,16
80,265,1
80,1213,2
80,1307,2
80,665,2
80,1428,5
80,226,3
80,1058,4
80,1496,4
80,1548,8
80,395,4
80,54,2
80,782,15
80,1408,8
80,683,3
80,553,19
80,568,4
80,119,4
80,1215,20
80,924,3
80,1141,2
80,1145,5
80,945,3
80,928,5
80,569,1
80,544,2
80,630,2
80,614,2
80,94,5
80,152,2
80,1231,3
80,760,4
80,456,3
80,580,2
80,1319,3
80,252,4
80,752,2
80,3,2
81,2145,17
81,2414,5
81,1636,2
81,1693,2
81,2584,3
81,2541,5
81,2516,1
81,2242,4
81,2412,1
81,1951,4
81,1965,1
81,1719,3
81,2252,4
81,2251,5
81,1673,1
81,2420,3
81,2209,1
81,2706,1
81,1695,2
81,1973,2
81,1714,3
81,2270,4
81,2000,26
81,2385,3
81,2528,2
81,1676,5
81,2553,3
81,2579,1
81,1633,1
81,1837,2
81,2764,5
81,1975,30
81,1726,1
81,2024,1
81,2407,5
81,2186,18
81,2748,21
81,1716,3
81,2234,1
81,1960,2
81,2416,2
81,1725,2
81,2598,1
81,1941,1
81,1850,1
81,2386,2
81,2188,3
81,2519,3
81,2596,2
81,2583,1
81,2408,3
81,1899,3
81,1803,3
81,1990,3
81,2812,1
81,1884,4
81,2789,5
81,2750,3
81,2261,11
81,2610,5
81,2342,5
81,2445,4
81,2581,5
81,1730,4
81,2319,3
81,2052,3
81,2323,5
81,2328,3
81,1761,3
81,1680,3
81,1936,4
82,2150,4
82,2697,5
82,2376,5
82,2170,2
82,1737,5
82,2690,22
82,2106,5
82,2293,3
82,2463,2
82,2673,4
82,2611,2
82,2323,24
82,2176,3
82,1900,2
82,2163,1
82,2344,5
82,2610,2
82,2050,2
82,2649,5
82,2619,2
82,2830,4
82,1912,4
82,1907,3
82,2701,30
82,2860,9
82,1769,5
82,2679,5
82,2128,2
82,2859,1
82,2497,2
82,2479,1
82,2656,4
82,2816,17
82,1793,3
82,1794,17
82,2677,5
82,1829,3
82,2829,3
82,2848,5
82,1756,1
82,1825,2
82,1750,3
82,2451,5
82,2698,12
82,2287,3
82,2810,24
82,2099,4
82,2174,4
82,2811,4
82,2307,1
82,2064,1
82,2846,1
82,1802,1
82,2459,3
82,2034,13
82,2644,1
82,1735,4
82,1757,5
82,2320,4
82,1844,4
82,2036,4
82,1883,5
82,2689,3
82,1659,2
82,2520,5
82,2632,1
82,2772,28
82,1977,3
82,2516,4
82,1919,2
82,1901,3
82,2440,2
82,2864,1
82,2126,4
82,1821,1
82,2219,4
82,2068,5
82,2553,4
82,2580,2
82,2763,1
82,2283,5
83,679,5
83,961,2
83,1059,2
83,246,5
83,110,26
83,1630,3
83,1604,5
83,525,4
83,377,4
83,992,2
83,801,4
83,1500,1
83,1430,2
83,969,5
83,499,2
83,411,5
83,489,11
83,1577,4
83,916,2
83,799,3
83,66,4
83,816,4
83,784,18
83,645,5
83,753,4
83,1265,14
83,259,4
83,1566,4
83,362,1
83,1556,2
83,1569,4
83,1529,1
83,692,2
83,1161,1
83,1550,4
83,313,2
83,1039,1
83,1014,29
83,1242,3
83,386,4
83,824,2
83,130,4
83,1438,3
83,461,4
83,1188,5
83,280,4
83,712,3
83,635,3
83,752,2
83,604,5
83,780,1
83,726,1
83,835,2
83,1310,1
83,1603,4
83,1448,4
83,1608,4
83,1079,1
83,675,4
83,607,1
83,1564,1
83,1190,1
83,988,19
83,446,1
83,1377,5
83,1330,4
83,857,5
83,995,2
83,174,14
83,553,1
83,106,21
83,1325,6
83,325,4
84,2530,2
84,1929,3
84,2218,4
84,2226,4
84,2257,18
84,1939,2
84,1720,2
84,1933,1
84,2736,3
84,2426,21
84,2410,3
84,2584,5
84,2130,4
84,2548,2
84,2418,3
84,2565,3
84,2540,8
84,2558,1
84,1702,5
84,2545,1
84,1647,3
84,1840,5
84,2790,2
84,2239,1
84,2013,4
84,2272,6
84,2213,5
84,2597,10
84,2761,10
84,2532,2
84,2234,4
84,2006,3
84,2390,5
84,2438,2
84,1854,10
84,2404,1
84,2767,2
84,2249,5
84,1857,5
84,2580,3
84,2544,3
84,1842,1
84,2306,5
84,2864,3
84,1634,3
84,2326,3
84,2659,3
84,1991,1
84,1962,13
84,2374,3
84,1726,2
84,1750,1
84,2427,3
84,2642,30
84,1886,1
85,2009,3
85,1685,4
85,1951,27
85,2521,2
85,2187,12
85,2747,2
85,1853,4
85,2549,4
85,1726,1
85,2412,1
85,2216,2
85,2531,2
85,2255,4
85,2404,3
85,2534,17
85,2772,9
85,2386,1
85,1673,2
85,1693,1
85,1966,3
85,1712,4
85,1955,3
85,2426,24
85,2221,2
85,2215,2
85,2284,4
85,2514,4
85,2764,5
85,1851,4
85,2556,1
85,1698,5
85,2723,1
85,2011,26
85,2438,2
85,1694,3
85,2409,1
85,2707,1
85,2416,1
85,1683,7
85,2732,5
85,1720,1
85,2785,1
85,2542,1
85,1956,3
85,2580,2
85,2716,2
85,2206,4
85,2709,2
85,2214,4
85,2207,1
85,1655,1
85,2380,2
85,1814,1
85,1801,1
85,2787,4
85,2657,3
85,2034,5
85,2796,1
85,1937,4
85,2510,3
85,2133,3
85,2489,5
85,2602,19
85,2497,5
85,2691,2
85,2334,2
85,2172,4
85,1638,5
85,1806,3
85,2033,1
85,1817,4
85,2025,2
86,2395,1
86,2503,3
86,1978,1
86,1961,15
86,2281,4
86,2238,3
86,2792,5
86,2523,2
86,2532,2
86,1713,2
86,2602,2
86,2723,3
86,2398,1
86,1974,2
86,2207,4
86,2576,3
86,1687,3
86,2724,2
86,2426,2
86,2225,6
86,2515,4
86,2802,5
86,1969,4
86,1648,30
86,2249,5
86,1833,27
86,2789,1
86,1937,2
86,2712,2
86,2422,5
86,1977,5
86,1940,2
86,2545,2
86,2583,2
86,1987,2
86,1938,2
86,2018,3
86,2003,3
86,2788,4
86,2010,2
86,1957,3
86,2134,2
86,1645,2
86,2242,3
86,1941,20
86,1965,1
86,2795,2
86,1715,2
86,2745,26
86,1851,4
86,2599,3
86,2768,2
86,2714,4
86,1708,4
86,2192,3
86,1761,1
86,2384,5
86,2115,16
86,2174,1
86,1656,2
86,2292,1
86,2264,4
86,2257,1
86,1667,2
86,2043,4
86,2041,1
86,2021,4
86,2315,1
86,2804,4
86,2464,5
86,1658,2
86,1639,2
86,1720,2
86,2154,26
86,1752,1
86,1843,5
86,2327,5
87,62,4
87,374,2
87,833,5
87,1500,5
87,947,3
87,717,4
87,349,1
87,1584,4
87,1051,2
87,83,5
87,1151,1
87,1129,3
87,1261,1
87,1478,1
87,1585,2
87,1191,3
87,362,2
87,663,2
87,1520,2
87,1611,2
87,1207,5
87,1148,5
87,808,19
87,570,4
87,926,5
87,974,2
87,1389,10
87,450,1
87,577,4
87,382,12
87,1224,4
87,177,2
87,1267,3
87,704,3
87,1552,1
87,334,1
87,390,5
87,1281,2
87,1070,2
87,467,17
87,1518,5
87,996,1
87,569,1
87,371,2
87,133,17
87,559,5
87,444,4
87,259,2
87,633,3
87,698,4
87,539,1
87,1535,4
87,525,5
87,1154,2
87,555,3
87,670,3
87,517,5
87,669,10
87,291,2
87,1468,3
87,1407,3
87,854,5
87,628,2
87,1087,4
87,1131,4
87,1271,29
88,1354,5
88,908,1
88,994,3
88,1035,3
88,659,4
88,1278,4
88,1409,4
88,391,3
88,565,3
88,1367,4
88,1234,4
88,851,1
88,878,5
88,879,3
88,1285,3
88,742,2
88,601,1
88,984,5
88,826,4
88,976,2
88,398,1
88,242,1
88,380,1
88,768,5
88,371,4
88,427,2
88,502,29
88,1199,1
88,841,5
88,832,21
88,777,8
88,87,3
88,272,4
88,1090,5
88,1149,5
88,358,3
88,239,3
88,76,4
88,681,2
88,854,4
88,539,4
88,1215,4
88,1593,4
88,693,4
88,956,1
88,475,5
88,77,1
88,817,2
88,1165,1
88,1216,4
88,692,4
88,469,2
88,998,2
88,99,3
88,1225,22
88,1629,3
88,730,2
88,940,1
88,349,4
88,1598,2
88,699,2
88,632,9
88,753,5
88,1053,3
88,985,4
88,1536,2
88,1073,2
88,635,3
88,75,2
88,791,1
88,1097,2
88,1104,2
88,579,4
88,622,3
88,508,2
88,1628,4
88,227,4
88,1539,2
88,1426,3
88,219,2
88,1429,4
88,803,1
88,839,5
88,573,4
88,806,5
88,1313,3
88,1625,5
88,1175,5
88,1009,4
88,43,3
88,386,2
89,1333,3
89,324,8
89,738,4
89,1501,4
89,1108,5
89,575,1
89,1008,3
89,370,2
89,1324,20
89,109,3
89,1337,2
89,1240,5
89,748,13
89,330,3
89,1196,4
89,1612,5
89,1340,4
89,996,3
89,384,5
89,1283,5
89,982,4
89,219,2
89,725,3
89,690,4
89,886,2
89,792,1
89,651,2
89,789,2
89,358,2
89,1546,4
89,1177,1
89,487,3
89,1148,1
89,378,1
89,1339,1
89,1363,1
89,1028,4
89,1443,2
89,351,29
89,275,5
89,1023,29
89,1314,3
89,426,4
89,112,3
89,1341,5
89,217,2
89,1253,3
89,593,1
89,1275,5
89,1037,14
89,1144,4
89,1623,2
89,1013,2
89,333,5
89,595,2
89,1535,3
89,697,2
89,1455,2
89,1514,4
89,664,1
89,207,3
89,255,1
89,1518,3
89,1075,5
89,558,3
89,1344,3
89,161,2
89,459,3
89,848,5
89,452,5
89,408,2
89,1464,4
89,1191,3
89,1602,3
89,1563,1
89,783,1
89,293,5
89,1359,4
89,885,3
89,889,3
89,1052,1
90,1988,2
90,1809,4
90,2287,3
90,1741,5
90,1688,3
90,2633,3
90,2598,17
90,1692,1
90,2314,3
90,1638,1
90,1929,1
90,2590,5
90,2118,4
90,2686,4
90,1994,1
90,2256,5
90,2295,2
90,2067,5
90,2259,4
90,2004,16
90,1975,4
90,1804,3
90,2083,1
90,2315,1
90,1679,2
90,2382,1
90,1999,5
90,2637,4
90,1633,4
90,2066,5
90,2669,4
90,2203,5
90,2626,1
90,2596,5
90,1940,4
90,2187,5
90,1829,4
90,2640,4
90,1983,2
90,1635,3
90,1962,3
90,1939,4
90,2215,1
90,2103,2
90,1799,3
90,1937,4
90,1777,13
90,2647,4
90,1736,1
90,2588,4
90,2659,3
90,1974,2
90,2198,2
90,2050,5
90,2270,5
90,2527,2
90,1751,3
90,1648,1
90,2638,3
90,2556,5
90,2676,4
90,1746,2
90,2294,1
90,2836,4
90,2569,3
90,2698,5
90,1785,5
90,2825,2
90,1941,4
90,2642,3
90,2212,5
90,2167,4
90,2763,2
90,2485,3
90,2365,4
90,1659,2
90,2336,5
90,2635,3
90,2358,3
90,2194,1
90,2006,1
90,2281,3
90,2230,4
90,2359,1
90,1817,5
90,2357,5
90,2827,2
90,1825,5
90,2520,2
90,2135,1
91,679,2
91,1611,4
91,506,22
91,924,1
91,986,3
91,619,4
91,1382,5
91,682,4
91,526,5
91,1014,4
91,125,4
91,652,1
91,1350,3
91,1183,1
91,1168,3
91,502,5
91,278,1
91,482,2
91,326,5
91,1580,3
91,825,2
91,404,5
91,886,2
91,67,1
91,665,5
91,1299,2
91,1515,4
91,1596,5
91,755,2
91,1438,2
91,1257,3
91,947,2
91,836,2
91,651,2
91,1581,5
91,1266,4
91,615,5
91,543,4
91,1038,9
91,200,1
91,128,1
91,1332,2
91,987,4
91,354,3
91,472,1
91,994,4
91,539,3
91,1279,2
91,1018,3
91,1240,5
91,88,2
91,595,6
91,503,4
91,1131,5
91,1520,19
91,144,1
91,1519,1
91,1614,1
91,532,5
91,341,3
91,934,4
91,213,1
91,333,2
91,199,2
91,405,1
91,1127,6
91,547,5
91,160,5
91,1442,2
91,516,1
91,915,3
91,166,2
91,1395,3
91,208,5
91,64,5
91,1295,5
91,51,1
91,420,5
92,1994,1
92,2233,5
92,2799,4
92,2262,2
92,2139,1
92,2747,2
92,2283,12
92,2714,3
92,2245,3
92,1687,3
92,2194,2
92,2523,3
92,2575,1
92,1692,3
92,2254,2
92,2435,1
92,1990,1
92,1660,5
92,2783,10
92,1703,21
92,1639,4
92,2752,5
92,2604,5
92,2000,2
92,2504,2
92,2716,2
92,2136,5
92,2765,3
92,1944,1
92,2405,9
92,2561,5
92,2193,2
92,1681,1
92,1667,2
92,2600,1
92,2372,4
92,2388,5
92,2085,4
92,1879,2
92,2318,4
92,2068,4
92,2745,1
92,2804,5
92,2128,5
92,2847,5
92,2821,2
92,2169,1
92,2329,2
92,2076,3
92,1758,1
93,2594,3
93,1695,3
93,2416,1
93,2010,4
93,2756,1
93,1937,5
93,2239,1
93,1672,4
93,2211,2
93,2392,1
93,2271,1
93,1953,3
93,2750,3
93,2198,4
93,2402,1
93,1691,1
93,2263,19
93,2724,1
93,2258,5
93,1976,4
93,2564,1
93,2752,5
93,2805,4
93,2804,3
93,2575,2
93,2136,3
93,2257,3
93,1855,5
93,2766,1
93,2725,4
93,2783,5
93,2714,4
93,2758,4
93,2274,5
93,2221,5
93,2761,5
93,1846,2
93,2568,3
93,1987,1
93,1653,3
93,1718,4
93,2775,2
93,2721,2
93,1688,3
93,1995,3
93,1843,4
93,1719,4
93,2710,30
93,2139,5
93,2760,1
93,1853,3
93,1877,4
93,2172,3
93,2582,1
93,2850,24
93,1713,5
93,2094,14
93,2375,7
93,2675,5
93,2312,5
93,2049,5
93,1812,2
93,2333,3
93,2813,5
93,2253,1
93,2474,5
93,1789,5
93,1668,12
93,2781,2
93,2065,1
93,2327,3
93,2334,2
93,2810,5
94,2343,1
94,2610,3
94,2685,4
94,1937,4
94,2556,5
94,1670,4
94,2015,5
94,2369,4
94,2533,1
94,2364,1
94,2689,5
94,2125,3
94,2057,1
94,2600,3
94,2282,1
94,2252,14
94,1929,1
94,2227,1
94,2053,2
94,2614,4
94,2327,5
94,2294,3
94,1944,3
94,1728,3
94,1778,2
94,2344,1
94,2601,2
94,2062,2
94,1987,4
94,2529,10
94,2217,5
94,2676,2
94,2622,19
94,2547,1
94,2229,4
94,2342,4
94,1704,4
94,2516,1
94,2530,2
94,2031,5
94,2089,21
94,2360,3
94,2242,1
94,2652,2
94,1824,3
94,1772,5
94,2241,4
94,1802,4
94,2287,2
94,1963,3
94,1959,3
94,2285,2
94,2225,5
94,2315,3
94,2267,1
94,2587,4
94,2041,1
94,2326,1
94,2097,3
94,2110,3
94,2381,5
94,1821,3
94,1946,5
94,1906,5
94,2187,2
94,2409,15
94,2139,3
94,2025,5
94,1725,2
94,2245,1
94,2312,1
94,2540,4
94,2755,1
94,2813,5
94,2805,4
94,2463,1
94,2069,1
94,1741,3
94,2643,5
94,2724,2
95,1892,1
95,1844,3
95,1900,5
95,2397,4
95,2129,2
95,2761,3
95,2448,3
95,2158,5
95,2799,5
95,2438,1
95,2846,1
95,2450,1
95,2400,5
95,2746,5
95,2160,27
95,2775,3
95,2389,2
95,2727,4
95,1908,3
95,2500,27
95,2439,3
95,2817,4
95,2796,7
95,2428,4
95,2845,1
95,2150,1
95,2782,3
95,2803,1
95,1875,5
95,2417,4
95,2827,2
95,2731,16
95,2480,4
95,1856,5
95,2783,2
95,1754,4
95,2716,2
95,2175,2
95,2117,4
95,1789,2
95,2339,9
95,2756,1
95,2346,11
95,2080,19
95,2587,19
95,1709,3
95,2503,1
95,2528,2
95,2621,5
95,2224,5
95,2219,2
96,1266,4
96,1387,20
96,1604,26
96,1614,2
96,1577,4
96,1444,3
96,269,4
96,581,2
96,1508,5
96,131,1
96,1151,1
96,670,4
96,1329,4
96,1171,1
96,533,2
96,1509,4
96,98,2
96,715,5
96,557,2
96,219,1
96,1613,3
96,1615,4
96,1378,2
96,359,1
96,853,2
96,157,22
96,1592,3
96,249,4
96,1296,4
96,145,2
96,1298,3
96,1360,4
96,599,5
96,653,1
96,625,3
96,35,1
96,1362,3
96,201,4
96,1417,3
96,637,2
96,628,5
96,1221,1
96,1532,3
96,87,4
96,1087,5
96,1273,2
96,1550,4
96,429,5
96,1628,3
96,1472,4
96,451,3
96,1470,5
96,440,2
96,882,1
96,1439,22
96,969,2
96,137,5
96,353,5
96,6,1
97,2012,5
97,2221,1
97,1847,2
97,2731,2
97,2601,5
97,2590,4
97,2604,2
97,2585,4
97,1661,5
97,1712,2
97,1632,2
97,2146,2
97,2744,5
97,2273,19
97,2402,4
97,1972,4
97,1963,3
97,1679,1
97,2737,2
97,1966,5
97,1646,2
97,2211,3
97,1930,3
97,2736,1
97,1631,4
97,2017,3
97,2707,5
97,2200,5
97,2567,1
97,2791,25
97,2196,4
97,2405,5
97,2000,4
97,2720,5
97,2141,3
97,2387,5
97,1647,5
97,2389,1
97,2393,5
97,1656,4
97,2198,1
97,1975,3
97,2343,1
97,1983,4
97,1888,5
97,2174,4
97,2652,2
97,2411,2
97,1879,2
97,2536,5
97,2256,4
97,2690,3
97,2789,4
97,2027,3
97,1783,1
97,2053,3
97,2777,2
97,2612,1
97,2686,2
97,2257,4
97,2528,3
98,875,1
98,488,2
98,721,3
98,140,1
98,401,5
98,599,5
98,657,5
98,1077,3
98,131,16
98,111,3
98,1235,2
98,1386,3
98,1338,24
98,505,1
98,731,3
98,590,5
98,139,1
98,263,4
98,781,1
98,219,1
98,258,4
98,819,1
98,117,4
98,1444,1
98,970,4
98,1218,2
98,861,4
98,1440,4
98,557,5
98,623,5
98,662,14
98,1439,4
98,856,3
98,1127,5
98,519,3
98,1301,2
98,1587,5
98,1247,3
98,1560,4
98,1413,2
98,1173,1
98,231,1
98,1076,5
98,174,3
98,161,1
98,510,1
98,38,1
98,830,3
98,1099,1
98,570,5
98,148,1
98,1066,2
98,594,4
98,335,2
98,205,1
98,886,3
98,1094,4
99,2395,3
99,1683,4
99,2008,5
99,2552,3
99,2398,5
99,2019,2
99,2755,3
99,1697,4
99,2260,18
99,2770,1
99,2403,14
99,2139,5
99,2271,3
99,1973,2
99,2750,3
99,2011,2
99,2015,5
99,1838,5
99,1940,5
99,2738,5
99,2563,2
99,2714,3
99,2589,3
99,2187,27
99,2194,3
99,2004,29
99,2760,1
99,2261,1
99,2190,4
99,2803,1
99,2728,24
99,1842,3
99,2752,1
99,1844,2
99,1634,2
99,2587,1
99,2783,2
99,2429,4
99,1696,3
99,2599,2
99,2598,4
99,2635,2
99,2559,2
99,2294,2
99,2618,1
99,2504,4
99,2279,2
99,2339,3
99,2274,5
99,1711,4
99,1644,2
99,1914,5
99,2463,3
99,2361,2
99,2413,2
99,2641,1
99,2769,5
99,2047,3
100,2859,5
100,1797,7
100,2087,5
100,2156,4
100,2080,2
100,2476,5
100,2646,3
100,1751,3
100,2456,1
100,2678,4
100,1889,1
100,2814,5
100,2035,1
100,2807,1
100,2702,4
100,2356,3
100,2668,2
100,2441,4
100,2309,5
100,1775,3
100,2848,4
100,2692,4
100,2618,2
100,1780,4
100,1887,3
100,1908,5
100,2679,3
100,2300,4
100,2285,3
100,2044,3
100,2343,3
100,2056,1
100,1830,2
100,2149,2
100,2332,11
100,2439,1
100,2168,5
100,1739,2
100,2053,5
100,2173,2
100,1822,5
100,2822,5
100,2175,2
100,1878,4
100,2817,1
100,2334,10
100,2461,1
100,1826,3
100,2147,4
100,2342,5
100,2179,1
100,1802,3
100,2303,4
100,2675,2
100,2485,5
100,2735,1
100,2288,6
100,2489,5
100,2125,2
100,2771,5
100,2457,5
100,2517,1
100,1711,5
100,2158,5
100,2800,5
100,1682,5
100,2214,4
100,2625,1
100,2776,5
100,2115,2
100,2337,16
100,1922,3
100,1866,4
100,1820,4
100,1967,2
100,2062,4
100,2095,21
101,2829,4
101,2322,5
101,1926,1
101,1814,12
101,2070,1
101,1811,2
101,2660,4
101,2502,2
101,2110,2
101,2462,4
101,1786,2
101,1827,4
101,2151,5
101,2111,2
101,2311,3
101,2670,2
101,1799,3
101,1824,1
101,2612,3
101,2124,5
101,2668,5
101,2379,1
101,2863,1
101,2831,4
101,2372,6
101,2633,4
101,2113,1
101,2363,1
101,2492,2
101,2688,5
101,2307,15
101,1919,4
101,2680,1
101,2679,1
101,2809,5
101,2085,11
101,2862,1
101,2694,4
101,2049,21
101,2053,4
101,2260,5
101,1894,4
101,2645,5
101,1654,2
101,1745,8
101,1980,2
101,2704,2
101,2443,1
101,2554,23
101,1789,1
101,2405,3
101,2319,2
101,1975,1
101,2127,3
101,2475,4
101,2685,2
101,2658,5
101,2844,4
102,891,2
102,1030,4
102,510,3
102,33,2
102,997,1
102,1097,2
102,41,5
102,1531,2
102,1077,5
102,945,2
102,332,1
102,1311,5
102,1082,26
102,1231,4
102,248,3
102,744,2
102,1348,4
102,973,4
102,1438,2
102,168,5
102,422,1
102,508,4
102,1359,1
102,416,3
102,1106,5
102,250,25
102,208,4
102,153,3
102,826,3
102,1115,1
102,10,5
102,710,4
102,645,4
102,739,5
102,781,5
102,328,4
102,1554,3
102,707,3
102,1537,20
102,1233,1
102,195,1
102,1318,4
102,311,5
102,943,4
102,962,4
102,1245,2
102,625,25
102,523,2
102,1120,4
102,518,17
102,1,4
102,730,2
103,144,4
103,954,2
103,1051,2
103,1161,5
103,1005,1
103,1303,4
103,555,4
103,1273,4
103,113,3
103,78,2
103,1146,2
103,256,4
103,1212,1
103,1536,2
103,283,1
103,985,5
103,390,4
103,699,5
103,440,2
103,476,1
103,145,4
103,1438,3
103,105,3
103,1017,4
103,1491,3
103,998,3
103,27,4
103,1250,2
103,458,15
103,804,3
103,1292,2
103,757,2
103,240,1
103,1236,4
103,465,1
103,81,3
103,638,5
103,1501,4
103,1366,5
103,1201,5
103,1490,2
103,1244,4
103,790,5
103,293,2
103,459,1
103,226,3
103,513,5
103,401,4
103,374,3
103,1441,3
103,33,14
103,1489,2
103,1540,3
103,755,1
103,758,3
103,1405,2
103,846,2
103,1197,3
103,1050,4
103,752,3
103,737,1
103,101,1
103,1170,5
103,41,4
103,637,4
103,990,4
103,87,4
103,442,1
103,279,5
103,1528,2
103,1089,4
103,618,1
103,528,1
103,320,2
103,557,4
104,1175,2
104,763,1
104,530,2
104,1076,5
104,1377,6
104,3,13
104,716,5
104,781,1
104,934,2
104,1451,2
104,29,4
104,1350,1
104,911,1
104,1431,4
104,1198,21
104,1529,4
104,409,4
104,1219,2
104,1005,3
104,239,1
104,461,4
104,208,5
104,684,3
104,1496,1
104,787,2
104,27,5
104,1450,1
104,730,2
104,1138,1
104,555,20
104,877,5
104,1488,5
104,1562,2
104,830,8
104,1351,3
104,741,5
104,594,1
104,544,24
104,290,1
104,1017,8
104,939,5
104,282,4
104,845,1
104,1171,14
104,1018,4
104,1321,4
104,126,3
104,12,2
104,824,14
104,685,3
104,717,17
104,870,3
104,1085,1
104,44,1
104,314,1
104,609,5
104,1030,2
104,1050,12
104,1204,2
104,1518,3
104,1595,4
104,1170,3
104,1409,3
104,723,3
104,1015,4
104,891,5
104,564,4
104,1449,1
104,1122,5
104,994,3
104,1295,3
104,481,28
105,279,4
105,321,4
105,1425,1
105,892,5
105,706,3
105,1280,3
105,164,4
105,640,4
105,1071,2
105,251,5
105,664,2
105,1155,5
105,1250,5
105,383,2
105,1525,3
105,1012,5
105,1416,4
105,1028,5
105,1007,3
105,673,5
105,141,3
105,538,1
105,1210,5
105,889,4
105,1016,3
105,112,5
105,726,4
105,1350,1
105,963,5
105,522,5
105,1478,5
105,1131,4
105,210,4
105,571,4
105,1102,2
105,461,5
105,1035,2
105,268,2
105,814,5
105,1076,4
105,978,4
105,951,1
105,1538,4
105,1225,26
105,962,12
105,544,3
105,887,3
105,772,3
105,1055,12
105,16,4
105,1470,4
105,1388,5
105,1056,2
105,881,11
105,1453,1
105,1526,3
105,755,2
105,824,2
105,810,4
105,1017,4
105,479,3
105,1004,3
105,1059,5
105,1184,1
105,475,4
105,1308,5
105,888,1
105,64,5
105,274,5
105,561,5
105,865,22
105,734,1
105,1103,3
105,1363,4
105,1569,2
105,597,4
105,94,4
105,1209,3
105,987,4
105,982,3
105,1528,2
105,645,2
105,301,4
105,381,2
105,1192,3
105,617,6
105,71,4
105,1000,2
105,1565,5
105,1302,5
105,95,3
105,1211,2
105,1391,24
105,365,2
105,1445,3
105,451,2
105,26,2
105,478,28
105,1401,4
105,525,3
106,849,3
106,823,3
106,1433,4
106,102,5
106,918,4
106,239,4
106,155,3
106,171,2
106,972,1
106,1169,3
106,93,5
106,1063,3
106,1339,5
106,939,5
106,752,14
106,1382,2
106,1554,3
106,1257,1
106,88,1
106,354,5
106,718,4
106,259,5
106,886,7
106,107,4
106,412,1
106,1417,2
106,31,6
106,426,4
106,1028,1
106,1299,2
106,145,5
106,430,3
106,767,2
106,338,4
106,328,2
106,1442,5
106,132,3
106,1483,3
106,271,3
106,183,5
106,525,30
106,57,5
106,420,4
106,788,4
106,476,3
106,1547,5
106,30,2
106,1152,2
106,1024,3
106,1325,26
106,44,1
106,1150,5
106,1455,1
107,522,3
107,1032,2
107,872,3
107,447,30
107,273,1
107,26,5
107,424,4
107,1201,3
107,1355,4
107,387,5
107,1302,22
107,885,3
107,598,3
107,786,1
107,1298,1
107,325,5
107,973,1
107,531,2
107,599,2
107,997,1
107,607,3
107,1294,3
107,688,1
107,1392,2
107,557,4
107,1436,3
107,433,1
107,1458,4
107,1074,1
107,590,3
107,420,3
107,888,5
107,1005,12
107,783,2
107,1456,25
107,277,4
107,92,27
107,124,5
107,395,3
107,1082,3
107,541,3
107,903,5
107,894,1
107,1165,5
107,603,3
107,1099,1
107,199,2
107,196,1
107,1195,1
107,804,5
107,346,4
107,1390,4
107,830,2
107,1168,2
107,1420,4
108,1469,4
108,1265,4
108,479,3
108,645,5
108,1384,13
108,1129,4
108,1111,5
108,1342,2
108,559,4
108,575,5
108,872,4
108,1035,1
108,1062,1
108,828,4
108,1069,2
108,818,10
108,144,3
108,1072,2
108,1289,1
108,187,5
108,1484,4
108,986,1
108,1091,4
108,1147,3
108,1185,2
108,1029,2
108,276,4
108,1343,5
108,634,5
108,871,1
108,892,1
108,1088,2
108,768,8
108,21,2
108,570,3
108,467,4
108,666,4
108,506,1
108,964,5
108,68,5
108,531,2
108,1123,3
108,802,4
108,9,1
108,497,1
108,171,4
108,1134,4
108,127,5
108,130,3
108,673,5
108,1503,1
108,58,5
108,248,4
108,1311,1
